,Unnamed: 0,smiles,cluster_id,score
0,0,[N+]c1nc(SCc2c(Cl)cccc2Cl)sc1C(Cl)(Cl)Cl,3,12.5
1,1,[N+]c1ccc(CNc2ncnc3c2cnn3-c2ccccc2)cc1,3,31.5
2,2,COc1ccc(-c2nc(CN3CC4([C]CC4)C3)c(C)o2)cc1,2,8.5
3,3,[CH]C1CN(C)CCN1C(=O)CSc1ncccc1Cl,2,8.0
4,4,[CH]CNC(=O)C1(NC(=O)c2ccc3c(c2)OCCO3)CCCC1,2,18.5
5,5,[CH]COc1nc2ccccc2nc1OCC,2,18.0
6,6,[CH][C@H]1CN(c2ccc(Nc3nc(-c4nc(Cl)c[nH]4)cs3)cc2)C[C@@H](C)O1,2,25.5
7,7,c1ccc([B-](c2ccccc2)c2ccccc2)cc1,1,14.5
8,8,CO[C@@H]1[C@H]2CCC[C@@H]1[CH]N(c1cnc3c(-c4cccc(CO)c4F)cnn3c1)C2,1,32.0
9,9,CC(C)=CCCc1c2n(c3occ(C)c(=O)c13)C[C@H](C)O[CH]2,1,11.0
10,10,CC[CH]NC(=O)[C@@H](NC(=O)/C=C/c1ccccc1)[C@@H]1N[C@@H](C(N)=O)C(C)(C)S1,1,12.0
11,11,CCCN(CCc1ccc(OC)c(F)c1)[C@@H]1[CH]CN(C)CC1,1,11.0
12,12,COc1ccc([Se]c2[nH]cnc3ncnc2-3)cc1.I,77,8.0
13,13,N#Cc1cccc(COCc2ccc(C#CCO)[se]2)c1,77,17.5
14,14,N[C@@H]1CCN(C(=O)N[C@H](Cc2c[nH]c3ccccc23)C(=O)NCC[Se]SC2CCNCC2)C1,77,25.0
15,15,O=C1C([Se]c2ccccc2)=C(SCc2ccccc2)C(Sc2ccccc2)CN1c1ccccc1,77,23.0
16,16,CCCCN1CCC(NC(=O)CC[C@@H](C)[C@H]2CC[C@H]3[C@@H]4[C@@H](O)[C@H](C)[C@H]5C[C@H](O)CC[C@]5(C)[C@H]4CC[C@]23C)CC1CO,42,23.0
17,17,CC(C(O)CNC(C)C(F)(F)F)C1CCC2(C)C3C(O)CC4C(C)C(O)CCC45CC35CCC12C,42,10.0
18,18,CC12C(=CCC3C1CCC1(C)C3CCC1(O)C(O)CO)CC(O)CC2O,42,13.5
19,19,COC1C(C#CC#CC#CC#COC23CC4CC(CC(C4)C2)C3)OC(CO)C(O)C1O,42,14.0
20,20,CCCCN1C(=O)C(N2CCCC3(C2)NC(=O)NC3=O)CC2(CCCCC2)C1=O,241,9.0
21,21,COc1cccc(-c2ccc(CNC(=O)c3ccc4c(c3)C(=O)N(C3CCC(=O)NC3=O)C4=O)cc2)c1,241,30.0
22,22,CN(C)CCCN1C(=O)c2ccc3c4c(ccc(c24)C1=O)C(=O)N(CCCN1CCCCC1)C3=O,241,30.5
23,23,CCOC(=O)N1C(=O)CC(c2ccccc2)C1=O,241,14.0
24,24,N#Cc1cc2c(Cl)cc(Cl)cc2nc1Sc1nnnn1C1CCCCC1,130,18.5
25,25,CCN(CCC#N)C(=O)CSc1nnnn1-c1ccc(OC)cc1,130,19.5
26,26,N#CCN1CCC(Cn2nnc(-c3csc(N)n3)n2)(c2ccccc2)CC1,130,27.0
27,27,N#Cc1ccccc1-c1noc(COc2ccc(-n3cnnn3)cc2)n1,130,19.5
28,28,C[N+]12CCC(F)(CC1)[C@H](OC(=O)Nc1ccc(Br)cc1)C2,48,14.0
29,29,CCCCCCCCCCCC[N+](C)(C)C,48,6.0
30,30,CCCC[N+]1(C)C(Cc2ccccc2)CC12CCCC(O)C2,48,20.5
31,31,C[C@@H](c1ccncc1F)[C@H]([NH3+])C(=O)N1CC[C@H](F)C1,48,15.5
32,32,CCCc1ccc(-n2c(CC)nc3c(F)cc(-c4nc(N[C@@H]5CCNC5)cc(OC)n4)cc32)c(F)c1,233,13.0
33,33,COc1cc(OC)c(F)c(N2Cc3cnc(NCCO)cc3N(C[C@H]3CCCN3C)C2=O)c1F,233,10.0
34,34,C=CC(=O)Nc1ccc(Nc2ncc3c(n2)N(c2ccccc2F)C(=O)N(c2c(F)c(OC)cc(OC)c2F)C3)cc1,233,40.5
35,35,CCOc1ccccc1NC(=O)C(F)(F)C(=O)N1c2ccccc2Sc2ccccc21,233,30.5
36,36,C[C@@H]([C@H]1CC[C@H]2[C@@H]3CC=C4C[C@@](C)(O)CC[C@]4(C)[C@H]3CC[C@]12C)[C@@H](O)CCC(C)(C)O,138,21.0
37,37,C[C@]12CC[C@H](O)C[C@H]1CC[C@@H]1[C@@H]2CC[C@]2(C)[C@@H](O)[C@H](N3CCN(c4ncccn4)CC3)C[C@@H]12,138,17.5
38,38,C[C@H](CCC(=O)N[C@@H](C)CO)[C@H]1CC[C@H]2[C@@H]3CC[C@@H]4C[C@H](O)CC[C@]4(C)[C@H]3CC[C@]12C,138,19.5
39,39,C[C@@H]1CNC[C@@H](C)C12CC[C@]1(C)C[C@@H]2C[C@@H](O)[C@H]2[C@@]3(C)CC[C@H](F)[C@@](C)(CO)[C@@H]3CC[C@]21C,138,15.5
40,40,C[N+]1(CCC[P+](c2ccccc2)(c2ccccc2)c2ccccc2)CCCC1,207,10.0
41,41,CC[N+](CC)(CC)Cc1cccc2cc3ccccc3cc12.[Br-],207,1.0
42,42,C[N+]1(CCNCC(=O)N2c3ccccc3NC(=O)c3ccccc32)CCOCC1,207,24.5
43,43,CC[N+](C)(CC)CCCNc1ccc(-c2ccc3ocnc3c2)c2c1C(=O)N(C)C2,207,23.0
44,44,Cc1ccc(-c2ocnc2C(=O)N2CCC[C@H]2c2nc(-c3ccccc3C(F)(F)F)no2)cc1,96,35.0
45,45,Cc1nc(C(=O)Nc2ccc(CN3CCN(C)CC3)c(C(F)(F)F)c2)c([C@@H](C)c2ccc(C(F)(F)F)cc2)o1,96,29.5
46,46,Cc1nc2cc(NCC(O)c3ccc(C(F)(F)F)cc3)ccc2o1,96,16.0
47,47,Cc1ncoc1-c1nnc(SCCCN2CC3CC3(c3ccc(C(F)(F)F)cc3)C2)n1C,96,27.0
48,48,O=C(c1ccc(-n2cccn2)cc1)N1CCC(O)(C(F)(F)F)C1,119,12.5
49,49,CC(CO)(Cc1ccc(Cl)cc1)NCC(O)c1cc(C(F)(F)F)nc2c(C(F)(F)F)cccc12,119,26.0
50,50,CCC1(O)CCN(C(=O)c2ccc(C(F)(F)F)cc2)CC1O,119,9.0
51,51,OC(COCC(F)(F)F)CN1CCN(Cc2nc3ccccc3[nH]2)CC1,119,18.0
52,52,COc1ccc([C@H]2[C@@H](CCCc3ccccc3)C(=O)N2c2cc(OC)c(OC)c(OC)c2)cc1,82,10.0
53,53,N#Cc1ccc(NC(=O)NC2C(=O)N(c3ccc(F)cc3)C2C=Cc2ccccc2)cc1,82,20.5
54,54,COc1ccc(N2C(=O)C(N3CCSCC3)C2c2ccc(Br)cc2)c(OC)c1,82,12.5
55,55,Cc1cccc(N2C(=O)C(Nc3ccc4c(c3)COC4)C2c2ccco2)c1,82,11.0
56,56,CC(Nc1nc(NC2CCC2)n2ncc(/C=C3\NC(=O)NC3=O)c2n1)c1ccccn1,197,30.0
57,57,O=C1NC2(CCN(c3ncnc4[nH]ncc34)CC2)C(=O)N1Cc1cccc(C(F)(F)F)c1,197,30.0
58,58,CN(Cc1ccc(OCCCN2CCCCC2)cc1)c1nc(NC2CC2)n2ncc(/C=C3\NC(=O)NC3=O)c2n1,197,34.0
59,59,CN1CCN(c2ccccc2Nc2nc(NC3CC3)n3ncc(/C=C4\NC(=O)NC4=O)c3n2)CC1,197,24.5
60,60,CO/N=C(\N)c1ccc(-c2ccc(-c3ccc(/C(N)=N/OC)cn3)o2)cc1.Cl.Cl,56,1.0
61,61,Cc1ccc(C(=O)O/N=C(\N)c2ccncc2)cc1,56,13.5
62,62,CN(C)C(=O)OCC1NC(=NO)C(C#N)C1c1ccc(F)cc1,56,12.0
63,63,NC(=NO)c1cccnc1O[C@H]1C[C@@H](Nc2nc3ccccc3s2)C1,56,26.5
64,64,COc1ccc(N2CCN(Cc3ncc(C)o3)CC2)cc1,224,16.5
65,65,CNCc1ccc(-c2nc(CN(C)CCN(C)C)co2)cc1,224,23.0
66,66,Fc1ccc(N2CCN(CCCSc3nc4ccccc4o3)CC2)cc1,224,27.0
67,67,Clc1ccc(CNc2ccc3nc(N4CCCCC4)oc3c2)cc1,224,14.5
68,68,O=C(NCC(O)CN1CCc2ccccc2C1)c1cnc(C2CCCO2)c(OCC2CCCCC2)n1,174,23.5
69,69,Cc1cnc(OC2CC3CCC(C2)N3C)nc1-c1ccc(OCC(O)CNC(C)(C)C)cc1,174,20.5
70,70,Cc1nn2cc(CC(=O)N3CCCC4(CCC(=O)N(CCO)C4)C3)nc2s1,174,20.0
71,71,Cc1ccc([C@H]2C[C@H](n3cc(COC(C)(C)CO)nn3)[C@@H](O)CN2CC2CCCCC2)cc1C,174,15.0
72,72,O=C1CC(=O)N(CCCCc2nc3ccccc3s2)C(=O)N1,26,15.5
73,73,O=C1NC(=O)N(Cc2ccccc2)C(=O)/C1=C/NCCN1CCOCC1,26,18.5
74,74,COc1ccc(N2C(=O)NC(=O)C(=CNc3ccc(NC(=O)/C=C/CN(C)C)cc3)C2=O)cc1,26,23.5
75,75,Cc1ccc(-c2noc3c(F)c4c(cc23)CC2(C(=O)NC(=O)NC2=O)[C@H]2[C@H](C)O[C@H](C)CN42)cc1,26,23.0
76,76,Cc1cc(Br)cc(C)c1NC(=O)NC(=N)N(C)C,225,16.5
77,77,Br.C=C(C)CN1CCC(=O)N(c2ccc(F)cc2)C1=N,225,11.0
78,78,NC(N)=NN=C(C=Cc1ccccc1)c1ccccc1Cl,225,13.5
79,79,N=C(NCc1ccc(C(F)(F)F)cc1)Nc1ccc(OCCCNCCc2c[nH]cn2)c2ccccc12,225,18.0
80,80,Cc1ncsc1-c1ccc(CNC(=O)[C@@H]2C[C@@H](O)CCCCCCCC(=N)N2)cc1,243,25.5
81,81,N=C(N)c1ccc(CNC(=O)[C@@H]2COc3ccc(OCc4ccccc4)cc3C2)cn1,243,32.0
82,82,N=C(N)c1cccc(OCCCCOc2ccccc2C(=N)N)c1,243,11.0
83,83,N=C(N)c1ccc2cc(C3=CCOCC3)cc(NC(=O)c3cccc(-n4ccnc4)c3)c2c1,243,33.5
84,84,Cl.N#CCC(O)(c1ccc(Cl)cc1)c1ccc(Cl)cc1,214,11.0
85,85,N#CN1CC[C@@H](NC(=O)c2cc(-c3cc(Cl)ccc3Cl)on2)C1,214,17.0
86,86,N#CCC1(Cn2cnc3c(Cl)nc(Cl)nc32)CC1,214,12.0
87,87,COc1ccc(CC(C#N)C(=O)Nc2ccc(Cl)c(Cl)c2)cc1,214,17.5
88,88,COc1ccc2c(ccn2CC(=O)N(C)Cc2ccc(C)o2)c1,8,19.5
89,89,COc1ccc(OCCN(C)C(=O)NCc2cc(C)oc2C)cc1,8,4.0
90,90,CCCNC(=O)N(C)CC(=O)NC1CCCc2occc21,8,16.0
91,91,CC(Nc1ccc2c(c1)oc1ccccc12)C(=O)N(C)C,8,16.5
92,92,CC1CCC2C(C)(C)C(C)CCC2(C)C1C1(C)CCC(=O)NC1=O,32,20.5
93,93,CN(CC(=O)Nc1ccc(F)c(Cl)c1)C(=O)CN1C(=O)C2CCCCC2C1=O,32,9.0
94,94,COCCCNC(=O)c1ccc(N2C(=O)C3C4C=CC(C4)C3C2=O)cc1,32,17.5
95,95,O=C1C2CNCC2C(=O)N1C1CCCC(F)(F)C1,32,4.0
96,96,CC(C(=O)N[C@H]1CN2CCC1CC2)n1ccc(-c2ccc(F)cc2)n1,19,24.5
97,97,COc1ncc(CNC(=O)O[C@H]2CN3CCC2CC3)cn1,19,13.0
98,98,CCCCCC/C(C)=C\CC/C(C)=C\CNC(=O)O[C@H]1CN2CCC1CC2.Cl,19,2.0
99,99,CC1CCN(c2ccnc(COC3C4CCN(CC4)C3Cc3ccc(Cl)c(Cl)c3)c2)CC1,19,10.5
100,100,Cc1cccc(Oc2ccc(/C(=N/O)NCc3ccccc3)cn2)c1,87,20.0
101,101,CSc1ccc(Oc2ccc(/C(=N/O)NCc3ccccn3)cn2)cc1C,87,35.5
102,102,Cc1ccc(/C(=N/O)NC2CCC(C)CC2)c(Oc2cc(Cl)ccc2Br)n1,87,25.0
103,103,Cc1cccc(C)c1CN/C(=N\O)c1ccc(Oc2cc(C(F)(F)F)ccc2Cl)nc1,87,25.0
104,104,Cc1c(CC(=O)NCc2ccc(-c3nnn[nH]3)cc2)c(=O)oc2c(C)c3oc4c(c3cc12)CCCC4,135,26.5
105,105,CCCc1nc2c(C)cc(-c3noc(=S)[nH]3)cc2n1Cc1ccc(-c2ccccc2-c2nn[nH]n2)cc1,135,41.0
106,106,CC1=CC[C@H](C(C)C)c2c(C)cc(OCC(=O)N(Cc3nnn[nH]3)c3ccc(C(C)(C)C)cc3)cc21,135,25.0
107,107,CCOc1nc2cccc(NC(=O)c3ccccn3)c2n1Cc1ccc(-c2ccccc2-c2nnn[nH]2)cc1,135,35.0
108,108,COc1cc[nH]c1/C=C1\C(=O)Nc2ccc(F)c(C#C[C@@H]3C[C@@H](O)CN3C)c21,79,29.0
109,109,CCN1CCC(n2cnc3c(NCc4cccc(I)c4)ncnc32)C(O)C1,79,30.0
110,110,O=C1NCc2c(-c3ccc4c(O)ncnn34)ccc(Nc3ccc(N4CC(O)C4)cn3)c21,79,23.5
111,111,Cc1cc(C#N)ccc1-c1cnn(-c2ccc(C(=O)N3CC[C@H](O)C3)cn2)c1O,79,30.5
112,112,OC1CN(Cc2ccc(-c3ccncc3)nc2)CC1NC(F)Cc1ccc2c(c1)OCCCO2,211,28.5
113,113,CN1CCN(CCCNC(=O)c2cccc(C(=O)NCC(O)CN3CCc4ccccc4C3)c2)CC1,211,26.5
114,114,O=C1NCC2(CCCCC2)n2c1cc1cnc(Nc3ccc(N4CCN(CCO)CC4)cn3)nc12,211,22.5
115,115,CCc1nc2ccc(C(=O)N3CCN(CCO)CC3)cn2c1N(C)C(=O)c1ccccc1,211,25.5
116,116,[C-]#[N+]c1cccc([C@@H]2CN3CCN(C(=O)C4CCc5nc(-n6cnnn6)ncc54)C[C@H]3CO2)c1C,137,23.0
117,117,CC(C)CC(c1nnnn1C1CCCCC1)N1CCN(C(=O)c2ccco2)CC1,137,25.5
118,118,CC(C)(C)OC(=O)N1CCN(C(=O)C[C@H]2CC[C@H](c3ccc(C(=O)Nc4nnn[nH]4)cc3)CC2)CC1,137,31.0
119,119,CC(C)=CCCC(C)=CC[C@]1(C)CCc2c(C)c(OCCCc3nnn[nH]3)c(C)c(C)c2O1,137,29.5
120,120,O=C(Nc1ccccc1)c1ccc(NCC(O)CN2CCOCC2)cc1,199,21.5
121,121,O=C(COc1ccc(-c2ccccc2)nn1)NCC(O)CN1CCc2ccccc2C1,199,31.5
122,122,COc1ccc(OCC(O)CN2CCN(c3ccccc3OC)CC2)cc1.Cl,199,0.0
123,123,O=C(c1ccc(-c2ccccc2)cc1)N1CCC(N2CCC(c3ccccc3)CC2)C(O)C1,199,35.0
124,124,CN(Cc1cccc(C#N)c1)C(=O)NCC(C)(C)N1CCOCC1,90,13.0
125,125,N#Cc1ccc2[nH]cc([C@H]3CC[C@@H](NCCCN4CCOCC4)CC3)c2c1,90,23.5
126,126,COc1cc(C#N)ccc1OCC(C)(C)N1CCOCC1,90,19.0
127,127,Cc1ccc(-n2nc(N3CCOCC3)cc2N)c(C#N)c1,90,7.5
128,128,CC#Cc1nc(-c2ccc(C(F)(F)F)cc2)c(-c2ccc(CC(N)=O)cc2)s1,246,13.0
129,129,CCOc1ccc(F)c(C(=O)Nc2ccc(F)c(C(N)=O)c2)c1F,246,21.5
130,130,NC(=O)C(CO)NC(=O)c1ccc(-c2cc(F)cc(F)c2)nc1C1CCC1,246,11.0
131,131,Cc1cc(OC(F)F)cc(C(=O)NCC(N)=O)n1,246,12.0
132,132,N#CCC(=O)N1CCC(c2ccc(-c3ccc(C(N)=O)c(NC4CCOCC4)c3)cc2F)CC1,118,9.5
133,133,C[C@@H]1CN(c2cc(F)c(-c3cnc(N(C)C)nc3)cc2NC(=O)c2c[nH]c(=O)cc2C(F)(F)F)C[C@H](C)N1C,118,27.5
134,134,C[C@H]1CN(c2cc(F)c(C3=CCN(c4ncc(C#N)cn4)CC3)cc2NC(=O)c2c[nH]c(=O)cc2C(F)(F)F)CCN1C,118,32.5
135,135,Cc1cccc(OCC(=O)Nc2cc(NC(=O)c3ccc4nc(N5CCC(C(N)=O)CC5)c(F)cc4c3)ccc2C)c1,118,38.0
136,136,CCc1cc2c(N3CCN(CC(C)O)CC3)nc(C)c(C)n2n1,0,19.0
137,137,O=C(c1cccc(-n2cccc2)c1)N1CC(O)C(N2CCOCC2)C1,0,7.0
138,138,COc1cc(C)c(C(O)CN2CCN(CCO)CC2)cc1C,0,16.0
139,139,CC(C)c1ccc(C(O)CCN2CCN(CCO)CC2)cc1.Cl,0,1.0
140,140,COc1ccc(NC(=O)N(C)CCC(F)(F)F)c(OC(F)F)c1,181,11.0
141,141,N#Cc1ccc(C(c2cccc(C(N)(CF)CF)n2)(C(F)(F)F)C(F)(F)F)cc1C(F)(F)F,181,14.5
142,142,Cc1ccc(C2=C(NC(=O)c3ccncc3)C(C)(O)C(F)(F)C(F)(F)C2(F)F)cc1,181,15.0
143,143,Nc1cnc(NCc2ccc(-n3nc(C(F)(F)F)cc3C(F)(F)F)cc2)nc1,181,21.0
144,144,OC[C@@H]1O[C@@H](n2cnc3c(NCc4ccc(Cl)cc4)ncnc32)[C@H](O)[C@@H]1O,97,29.0
145,145,Nc1ncnc2c1ncn2[C@@H]1O[C@H](/C=C\c2ccccc2)[C@@H](O)[C@H]1O,97,26.0
146,146,CCCCC#Cc1nc(NCc2ccccc2)c2ncn([C@@H]3O[C@H](CNC(=O)CCl)[C@@H](O)[C@H]3O)c2n1,97,23.0
147,147,CS[C@H]1O[C@@H](n2cnc3c(Nc4ccc(Cl)cc4)c(Cl)cnc32)[C@H](O)[C@@H]1O,97,22.0
148,148,C=C1/C(=C\C=C2/CCC[C@]3(C)[C@@H]([C@H](C)CCCC(O)(CC)CC)CC[C@@H]23)C[C@@H](O)C[C@@H]1O,220,22.5
149,149,CC(N)C1CCC2C3CCC4CC(O)CCC4(C)C3CCC12C,220,5.0
150,150,CC1(C)C2CCC3(C)C(O)CCC3CC21,220,12.0
151,151,CC12CCC3C(CCC4CC(O)CCC43C)C1CC=C2c1ccc2ncnn2c1,220,20.5
152,152,Cn1c(=O)c(-c2c(Cl)cccc2Cl)cc2cnc(N3CCNCC3)nc21,64,26.5
153,153,CCCNC(=O)N1CCN(C2(CNC(=O)c3c(Cl)cncc3Cl)CCCCC2)CC1,64,25.0
154,154,COc1ccc(N2CCN(CCN3CCN(c4cccc(Cl)c4)CC3)C2=O)cc1.Cl,64,1.0
155,155,Cn1c(N2CCN(c3ncccn3)CC2)nc(-c2ccc(Cl)cc2Cl)c(F)c1=O,64,37.5
156,156,C[C@](O)(Cn1cc(-c2cccc(F)c2)cn1)C(=O)Nc1ccc(C#N)c(C(F)F)c1,41,28.0
157,157,COc1cccc(C2CCN(C(=O)c3ccc(C#N)c(C)c3)CC2)c1C(F)(F)F,41,27.5
158,158,COc1c(F)cc(Nc2ncc(C(F)(F)F)c(Nc3cnc(C#N)c(O[C@@H]4CCNC4)n3)n2)cc1F,41,30.0
159,159,N#CC1(C(=O)Nc2cc(Nc3nc(-c4cccc(C(F)(F)F)n4)nn4cccc34)ccn2)CC1,41,31.0
160,160,O=C1NC(=O)C(CCC(=O)N2CC=C(c3ccc(Cl)cc3)CC2)(C2CCC2)N1,131,26.5
161,161,Cn1c(=O)n(C)c2cc(CN(CC3CC3)C(=O)CC(C)(C)CC3(C)NC(=O)NC3=O)ccc21,131,10.5
162,162,COc1ccc(-c2cn(C3CCN(CCN4C(=O)CC5(C(=O)Nc6ccccc65)C4=O)CC3)nn2)cc1,131,27.5
163,163,CC1CCN(Cc2ccc(NC(=O)CCN3C(=O)NC4(CCCC4)C3=O)cc2)CC1,131,20.5
164,164,Cc1ccc(C)c(C#Cc2cccc(C3OC(CO)C(O)C(O)C3O)c2)c1,169,14.5
165,165,OC[C@H]1O[C@H](Oc2ccc(Br)cc2)[C@@H](O)[C@@H](OC/C=C/c2ccc(F)cc2)[C@@H]1O,169,10.5
166,166,COc1ccc(C(O)c2cc(COC3OC(CO)C(O)C(O)C3O)ccc2OC)cc1,169,22.0
167,167,O=C1N(Cc2ccc(CO)cc2)[C@H]([C@H](O)CO)[C@H](O)[C@H](COCc2ccccc2)N1Cc1ccc(C(F)(F)F)cc1,169,30.5
168,168,COc1cc(-c2ccc(C#N)c(F)c2)ccc1CC#N,111,14.5
169,169,CCN(CC)C(=O)CC(c1cccnc1)C(C#N)C#N,111,3.0
170,170,CCc1ccc(-c2cc(C#N)nn2-c2ccc(C#N)cc2)cc1C,111,14.0
171,171,CCOc1cccc(-c2c(C#N)c(O)nc(SCC(=O)N3CCCCCC3)c2C#N)c1,111,25.0
172,172,N#CCc1nc2cc(Cl)ccc2n1Cc1ccc(N)nc1,239,23.5
173,173,Cc1cc(C(CCC#N)c2ccc(Cl)cc2)cc(C)c1N,239,9.5
174,174,COc1cccc(-c2nnn(-c3cccc(C#N)c3)c2N)c1,239,18.0
175,175,N#Cc1ccccc1CN1CCC(c2nc(N)no2)CC1,239,26.5
176,176,O=C(c1cc(Cc2n[nH]c(=O)c3c2CCCC3)ccc1F)N1CCN(C(=O)C2(O)CC2)CC1,147,21.0
177,177,O=C(c1ccc(N2CCOCC2)c(OCc2ccccc2)c1)N1CCN(c2ccccc2F)CC1,147,14.5
178,178,O=C(COc1ccc(Cn2ccnc2)cc1)N1CCN(C(=O)Cc2ccccc2)CC1,147,35.5
179,179,COc1ccc(-c2nc3ccc(F)cn3c2CN2CCN(C(=O)Nc3ccc(F)c(F)c3)CC2)cc1OC,147,32.0
180,180,COc1ccc2nc(OC)c(O[C@@H]3OC[C@](C)(OC)[C@@H]3OC(=O)NCc3ccccc3)cc2c1,194,9.0
181,181,O=C(NC(Cc1ccc2ccccc2c1)C(=O)N1CCC(Cc2ccccc2)CC1)OCc1ccccc1,194,10.0
182,182,CC(C)(C)OC(=O)N[C@@H](Cc1c[nH]c2ccccc12)C(=O)N[C@H]1CCCNC1=O,194,20.5
183,183,Cc1ccc(C[C@H](NC(=O)[C@H](CCc2ccccc2)NC(=O)OC(C)(C)C)B(O)O)c(F)c1,194,20.5
184,184,COc1ccc(Oc2ncoc2-c2ccc3nc(Nc4cc(CN5CCN(C(=O)N(C)C)CC5)ccn4)[nH]c3c2)cc1F,173,34.0
185,185,COc1ccc2c(c1)oc(=O)n2Cc1nc(CCOc2cc(C)cc(C)c2)no1,173,20.5
186,186,Cc1ccc2nc(-c3ccc(Cn4c(CCF)nc5cc(C(=O)NC(C)c6cocn6)ccc54)cc3)oc2c1,173,34.5
187,187,Cc1cccc2nc(-c3c(N[C@@H]4CCCNC4)nc(N4CCCC(N)C4)[nH]c3=O)oc12,173,29.0
188,188,C=CCOc1ccc(Br)c2c1B(O)OC2CN.Cl,7,1.0
189,189,CN(C)CCC1c2ccccc2Oc2ncccc21.Cl,7,2.0
190,190,COc1cccc(-c2ccc([C@H]3C[C@@H]3CN)cc2)c1.Cl,7,1.0
191,191,CCN(CC)CCN1C(=O)CNc2cc(Br)ccc21.Cl,7,0.0
192,192,Cc1ccc(-c2nnc(-n3c(-c4ccccc4)cc4c3CCCC4)s2)cc1,188,19.0
193,193,c1ccc(CCC2(c3ccccc3)CCN(Cc3ccc4[nH]ccc4c3)CC2)cc1,188,33.0
194,194,c1ccc(CCNCc2ccc(OCCc3ccccc3)cc2)cc1,188,12.5
195,195,CCCCc1nc(C)c[n+](Cc2ccc(C(c3ccccc3)c3ccccc3)cc2)c1N,188,25.5
196,196,CCc1cc(CN2CC[C@@H](Oc3ccc(C(=O)N4CCC(C)CC4)cc3)C2)ccc1OC,245,7.5
197,197,O=C(NC1CCCCC1)C1CCN(Cc2cccc(NC(=O)N3CCCC3)c2)CC1,245,23.0
198,198,CC(=O)N1CCC(c2n[nH]c3ccc(C(=O)NC4CCCC(Cc5ccc(F)cc5)N(CC5CC5)C4=O)cc23)CC1,245,20.5
199,199,CN[C@@H](C)C(=O)N[C@H]1CCC[C@H]2C[C@H]3CCN(CCc4ccccc4)C[C@H]3N2C1=O,245,17.0
200,200,Cc1nn(C)c(C)c1NC(=O)CNC(=O)NCc1cccc(C(F)(F)F)c1,164,8.0
201,201,O=C(Nc1ccccc1)Nc1cccc(-c2nc3ccc(C(F)(F)F)cc3c(=O)o2)c1,164,26.0
202,202,O=C(Nc1ccc(C2CCNC2)cc1)Nc1ccc(C(F)(F)F)cc1,164,19.0
203,203,Cc1ccc(Oc2ccc(NC(=O)Nc3ccc(Cl)c(C(F)(F)F)c3)cc2)nc1,164,24.0
204,204,O=C1NCCc2[nH]c(-c3cccc4nc(CCC5CC5)oc34)cc21,222,24.0
205,205,Cc1ccc(-c2nc(CN3CC(n4cccc(C)c4=O)C3)co2)cc1,222,7.5
206,206,CC1COCCN1C(=O)Cn1c(=O)oc2ccccc21,222,20.0
207,207,COc1ncccc1CCC(=O)N1CCCC(c2nc3ccccc3o2)C1,222,22.5
208,208,N#Cc1c(N)[nH]c(=N)[nH]c1=NC(F)(F)F,218,6.0
209,209,N#Cc1ccc(C(F)(F)F)c(CN2C(=O)OC[C@@H]2C2CCCCC2)c1,218,7.5
210,210,Cn1ccnc1Cn1cc(C#N)c2cc(OC(F)(F)F)ccc21,218,12.0
211,211,N#Cc1nccnc1Nc1nc(C(F)(F)F)ccc1F,218,20.0
212,212,Brc1cc(N2CCCC2)ccc1OCCCCN1CCCC1,166,9.5
213,213,Cc1ccc2c(c1)c1c(n2CCCN2CCCCC2)CCCC1,166,5.0
214,214,c1cc2c(cc1CCN1C[C@@H]3CN(CC4CC4)C[C@@H]3C1)OCO2,166,1.0
215,215,CCCCCCCCn1cc(CN2CCCCC2)c2ccccc21,166,23.0
216,216,Cc1ncc(CN2CCN(c3nnc4ccccn34)CC2)s1,34,24.5
217,217,CN(C)C1CCN(c2nc(-c3ccc(Cl)c(OCC4CC4)c3)cs2)CC1,34,8.5
218,218,COCCN1CCC(COc2nc3c(s2)CCCO3)CC1,34,15.5
219,219,Cc1csc(CN2CCC(OCc3ccccc3)CC2)n1,34,16.5
220,220,N#CCC1(n2cc(C(N)=O)c(Nc3ccc(F)cc3)n2)CCN(C(=O)C2CCOCC2)CC1,247,4.0
221,221,N#CCC1(n2cc(C(=N)O)c(Nc3ccc(F)cc3)n2)CCC(N2CCC(F)(F)CC2)CC1,247,24.0
222,222,CNC(=O)[C@@H]1CCCN1C(=O)c1ccc(C[C@H](C#N)NC(=O)[C@H]2N[C@@H]3CC[C@H]2C3)c(F)c1,247,17.0
223,223,N#CC1CCCCC1NC(=O)c1ccc([C@H]2CN(C(=O)c3ccc4[nH]nnc4c3)CCN2)cc1,247,25.5
224,224,C[C@@H]1CN(C(=O)N[C@@H]2C[C@@H]3CC[C@H]2N3C#N)CCN1c1ccc(C#N)cn1,176,17.0
225,225,CCCCCCCN1CCN(c2ccc(C#N)cc2)CC1,176,16.5
226,226,CSc1cc2nc(N3CCC(C)CC3)nc(N3CCN(C)CC3)c2cc1C#N,176,17.0
227,227,Cc1ccccc1C(=O)N1CCN(c2ncccc2C#N)CC1,176,28.5
228,228,COc1cc(NC(=N)c2ccc(C(C)C)cc2)ccc1-c1cnco1,33,26.0
229,229,CCCCCNCc1coc(-c2cccc(OC)c2)n1,33,20.0
230,230,COc1ccc(CCNCc2coc(-c3ccc(C)cc3)n2)cc1OC,33,11.5
231,231,COc1ccc(OC)c(CN(C)Cc2nc3ccccc3o2)c1,33,16.5
232,232,N#Cc1cc2c(nc1SC/C(=N\O)C(=O)Nc1ccccc1)CCCC2,133,22.5
233,233,O/N=C1\c2ccccc2-c2c1c(N1CCN(c3ccccn3)CC1)nc1ccc(Br)cc21,133,17.0
234,234,CN(C)CCON=CC1C(c2c(F)cccc2F)CC2CCC1N2C,133,16.5
235,235,CO/N=C1\CCc2ccc(C(=O)NCc3c(C)cc(C)[nH]c3=O)cc21,133,23.0
236,236,CN1CCCC(COCc2cc(C(F)(F)F)cc(C(F)(F)F)c2)(NC(=O)c2cc(=O)[nH]c(-c3ccccc3)n2)C1,158,37.0
237,237,CCN(c1ccc(C(=O)N2CCC(C(F)(F)F)(C(O)(C(F)(F)F)C(F)(F)F)CC2)cc1)C(CO)CO,158,9.0
238,238,Cn1ccc(C(=O)Nc2ncc(SCc3cc(C(F)(F)F)cc(C(F)(F)F)c3)s2)n1,158,10.0
239,239,C=CCN(Cc1cc(C(F)(F)F)cc(C(F)(F)F)c1)c1ccc(C(=O)NCc2ccccc2)cn1,158,25.5
240,240,CC(C)C(C)(C#N)NC(=O)CSc1nc[nH]n1,168,12.0
241,241,CCc1c(O)nc(SCc2ccc(C#N)cc2)nc1O,168,25.0
242,242,CCCn1c(=O)[nH]c(=O)c2c(SCC#N)nc(C3CC3)nc21,168,27.5
243,243,N#Cc1ccc(OCCSc2nnc3ccccn23)cc1,168,25.5
244,244,COc1c(F)cc(NC(=O)Nc2cccnc2)cc1F,205,12.5
245,245,CN1C=C(c2ccc(F)cc2F)C(c2ccc(F)cc2F)C1,205,15.5
246,246,CC(NC(=O)NCCNC(=O)c1ccccc1F)c1ccc(F)c(F)c1,205,11.0
247,247,CN(C)c1cccc(C(=O)Nc2ccc(F)c(F)c2F)c1,205,15.0
248,248,NC(=O)[C@@H]1CCCC1NC(=O)N1Cc2c(NC(=O)C3CC3)n[nH]c2C1(CCCCc1ccccc1)CC1CC1,230,11.0
249,249,O=C(Nc1cc(C2CC2)[nH]n1)[C@H]1CCC[C@H]1C(=O)N1CCN(C2CCCC2)CC1,230,27.5
250,250,Cc1ccc(CNC(=O)[C@H]2[C@H](C(=O)NCCCCN3CCCC3)[C@H]3C=C[C@@H]2C32CC2)o1,230,20.5
251,251,C[C@@H](NC(=O)Nc1nnc(C2CC2)s1)c1ccc(C2CC2NC2CCOCC2)cc1,230,34.0
252,252,CCOc1ccc(Nc2nc(N3CCOCC3)cc(N3CCOCC3)n2)cc1,183,17.5
253,253,CC1COCCN1c1nc(N2CCOCC2C)c2ccc(-c3ccc(N)nc3)nc2n1,183,23.0
254,254,N#Cc1nc(C2CC2)oc1N1CCN(CCC(=O)Nc2ccccc2N2CCOCC2)CC1,183,29.5
255,255,Cc1ccc2[nH]c3c(c2c1)CCN1C(=O)C(CC(=O)NCCN2CCOCC2)CC(C(=O)N2CCOCC2)C31C,183,12.5
256,256,COc1ccc(-c2ccc(CC#N)c(=O)n2C(C)C)cc1,85,10.5
257,257,COc1cc(C(=O)N2CCN(c3ncccc3C#N)CC2)cc(OC)c1OC,85,21.5
258,258,COc1ccc(Cl)cc1NC(=O)C(C)Oc1ccc(C#N)cc1,85,22.0
259,259,COc1ccc(/C=C(/C#N)C(=O)NCCc2ccc3c(c2)OCO3)c(OC)c1,85,8.5
260,260,Cc1ccc(C(=O)Nc2cc(C(F)(F)F)ccc2Cl)cc1Nc1ncnc2c(N)nc(N3CCN(C)CC3)nc12,75,33.5
261,261,CCN1CCN(c2c(C)c3c(Nc4ccc(F)cc4O[C@H]4COC[C@@H]4O)cc(C)nc3n2C)CC1,75,8.0
262,262,COc1cc2ncnc(Nc3ccc(F)c(Cl)c3F)c2cc1NC(=O)C=CCN1CCN(C2CC2)CC1,75,25.0
263,263,OCCCCCNc1nc(Nn2cnnc2)nc(N2CCN(c3ccnc4cc(Cl)ccc34)CC2)n1,75,33.5
264,264,C/C=C1\[C@]2(N[C@H](c3ccc(C)cc3)[C@@]13C(=O)Nc1ccc(Cl)cc13)C(=O)Nc1ccc(Br)cc12,47,12.0
265,265,N#C[C@@H]1CCCN1C(=O)[C@@H]1CNCc2ccccc2[C@@H](CN)C[C@H](NC(=O)c2ccc3ccccc3c2)C1,47,19.0
266,266,CNC(C)C(=O)NC1C(=O)N(Cc2c(OC)ccc3ccccc23)c2ccccc2N(C(=O)c2ccc(Cl)cc2)C1C,47,32.5
267,267,N#Cc1ccc(C2C(C(=O)NC3CCC3)=C(O)C(=O)N2c2ccc(-c3ccc4c(c3)SCC4)cc2)cc1F,47,29.0
268,268,Cc1nnc(SCC(=O)Nc2ccc3nc(SCC(=O)Nc4ccc(F)c(Cl)c4)sc3c2)s1,212,36.5
269,269,COc1ccc(-n2cc(-c3ccccc3)nc2SCC(=O)Nc2ccc(C)c(C)c2)cc1,212,30.0
270,270,CN(CC(=O)Nc1ccc2nc(SCC(=O)N3CCCc4ccccc43)sc2c1)C1CCCCC1,212,29.5
271,271,CC(=O)Nc1ccc(Sc2nnc3ccc(Sc4nnc(-c5ccc(Cl)cc5)o4)nn23)cc1,212,31.0
272,272,COc1cc2ncnc(Oc3ccc(NC(=O)Nc4cc(C(C)(F)F)on4)c4ccccc34)c2cc1OC,86,35.0
273,273,COc1cc2c(cc1OC)CN(CCc1ccc(NC(=O)c3ccc4c(c3)OCCO4)cc1)CC2,86,24.5
274,274,CCCCCOc1c(OC)cc2oc(-c3ccc(OC)c(OC)c3)c(OC)c(=O)c2c1OC,86,26.5
275,275,COC(OC)[C@]1(C)Oc2ccc(Br)cc2[C@@H]([C@@H](N)C(=O)N(C(C)C)C(C)c2ccc3c(c2)OCO3)[C@@H]1O,86,7.5
276,276,CC(=O)N1CCCC(c2cncc(-c3cccc(-n4ccc5cc(C6CC6)cc(F)c5c4=O)c3CO)c2)C1,203,34.5
277,277,CC(C)c1ccc(NC(=O)c2c(F)c(F)c3c(=O)cc(-c4ccccc4)oc3c2F)cc1,203,39.0
278,278,COc1ccc2c(F)c(Oc3nc(Nc4c(C)c(-c5ccccc5)nn4C)nc(OC)n3)ccc2c1,203,30.5
279,279,Cn1nc(-c2cccc(-n3cccc(C(=O)Nc4cc(C(F)(F)F)ccc4F)c3=O)c2F)c2c(N)ncnc21,203,31.5
280,280,CCCn1c(=O)c2nc(-c3cc(S(=O)(=O)O)ccc3OCC)[nH]c2n(CCC)c1=O,66,23.5
281,281,Cn1c(=O)c2c(nc(/C=C/c3ccccc3F)n2C)n(C)c1=O,66,26.0
282,282,CC(=O)Nc1ccc(NC(=O)Cn2cnc3c2c(=O)n(C)c(=O)n3C)cc1,66,29.0
283,283,CCn1c(=O)c2[nH]c(SCCOC3CCCCO3)nc2n(CC)c1=O,66,8.5
284,284,N#Cc1c[nH]c(C(=O)N(Cc2ccncc2)C2CC2)c1,44,25.0
285,285,N#CC(C(=O)Nc1ccc(F)cc1)c1nc2ccccc2[nH]1,44,15.5
286,286,N#Cc1c(-c2ccncc2)c2c([nH]c1=O)[C@@]1(CCc3c(F)cccc31)CNC2,44,35.5
287,287,COc1cccc2[nH]cc(CC(=O)Nc3ccccc3C#N)c12,44,18.0
288,288,N#CC1=C(N)Oc2c(c(=O)oc3ccccc23)C12C(=O)Nc1ccc(F)cc12,117,30.0
289,289,COc1ccccc1-c1nn(-c2ccc(C(=O)NC3CC3)cc2)c(O)c1C#N,117,21.0
290,290,CNCCCNc1cc(OC)c2ncc(C#N)c(Nc3ccc(F)c(Cl)c3)c2c1,117,11.5
291,291,N#Cc1ccnc(C(=O)Nc2ccc(-c3ccc(CN4CCC(F)(F)CC4)cc3)cn2)c1,117,33.5
292,292,Cc1cccc(CN2C(=O)c3cccnc3C2=O)c1,141,22.0
293,293,Nc1ccccc1CN1C(=O)c2cccc3c(Br)ccc(c23)C1=O,141,22.5
294,294,Cc1ccccc1N1C(=O)c2nc(-c3ccccc3)nc(O)c2C1=O,141,26.0
295,295,O=C1NC(=O)/C(=C/c2ccc(C(=O)Nc3ccc(F)cc3)cc2)S1,141,18.0
296,296,COc1ccccc1OCCSc1nnnn1C,237,18.0
297,297,Clc1ccc(-n2nnnc2C=CN2CCOCC2)cc1Cl,237,19.5
298,298,Cc1ccc(Br)cc1NCc1nnnn1C1CC1,237,19.5
299,299,CN(Cc1cccnc1)Cc1nnnn1-c1ccccc1,237,26.0
300,300,CC(C)(C)OC(=O)N1CCC(C(=O)Nc2ccc3c(c2)C(=O)N(Cc2ccc(Oc4ccccc4)cc2)C3=O)CC1,192,34.5
301,301,Cc1cccn(CC2(c3ncc(Sc4ccccc4)s3)NC(=O)NC2=O)c1=O,192,29.0
302,302,COc1ccc(N2C(=O)c3cccc4cc(N5CCCCC5)cc(c34)C2=O)c(OC)c1OC,192,31.5
303,303,O=C(CN1C(=O)NC2(CCc3ccccc32)C1=O)Nc1ccc2c(c1)OCO2,192,7.5
304,304,CN(CC(C)(C)C)C(=O)c1ccc(Cl)c(N)c1,98,13.0
305,305,Nc1ccc(Cl)c2c(C(=O)Nc3cccc(F)c3)nccc12,98,18.0
306,306,COc1ccc(S(=O)(=O)n2c(N)nc3nc(Cl)c(Cl)cc32)cc1,98,26.0
307,307,COc1ccc(N)c2ccnc(C(=O)Nc3cccc(Cl)c3)c12,98,19.0
308,308,COc1cc2nc(N3CCCN(C)CC3)nc(NC3CCN(Cc4ccccc4)CC3)c2cc1OC,142,23.0
309,309,COCCCN(CCOC)c1cc(C)nc(Nc2ccc(OC)c(Br)c2)n1,142,22.0
310,310,COc1cc(OC)c(Cl)c(-c2cc3cnc(Nc4ccc(N5CCNCC5)cc4)nc3n3cnnc23)c1Cl,142,34.0
311,311,COc1cc(OC)c2c(N3CC(C)SC(C)C3)nc(-c3ccccc3)nc2c1,142,22.0
312,312,CC12CC3CC(C)(C1)CC(NC(=O)Nc1ccccc1)(C3)C2,54,12.0
313,313,O=C(Cn1cc(C(=O)Nc2nccs2)nn1)NC12CC3CC(CC(C3)C1)C2,54,26.0
314,314,O=C(NC1C2CC3CC1CC(O)(C3)C2)c1c(F)cc(OCCN2CCC2)cc1F,54,22.0
315,315,CCCc1noc(CCC(=O)NC23CC4CC(CC(C4)C2)C3)n1,54,14.0
316,316,O=C(NCC(O)COc1cc(Cl)cc(Cl)c1)Nc1cccn2nc(C3CCC3)nc12,27,28.0
317,317,CCCCCn1c2c(c(=O)[nH]c1=O)C(c1ccccc1F)N(C(=O)c1cc(Cl)cc(Cl)c1)CS2,27,15.5
318,318,COc1cc2c(Nc3ccc(Cl)c(Cl)c3F)ncnc2cc1OCC1CNCCO1,27,34.0
319,319,Cc1c(C(=O)NCCCn2ccnc2)nc(-c2ccc(Cl)cc2Cl)n1-c1ccc(Cl)cc1,27,17.0
320,320,CC(C)(CCc1ccccc1)NC[C@H](O)CON=C1CCCCC1,112,18.0
321,321,CC1CCC/C1=N\OC(=O)c1ccc(C(F)(F)F)cc1,112,11.0
322,322,CCON=C(c1ccc(C)cc1)C1CCNCC1,112,11.5
323,323,COc1ccc(C2=NOC(C(=O)N3CCC(C)CC3)C2)cc1,112,15.0
324,324,Cn1ncc2c(Sc3ccc(-c4nnco4)o3)ncnc21,244,25.0
325,325,Cc1ccc(-c2nc(Cn3ccnc3-c3cccnc3)cs2)o1,244,33.0
326,326,c1coc(CNc2nccc(-c3ccc(-n4cccn4)cc3)n2)c1,244,27.0
327,327,COc1ccccc1-n1ncc2c1nc(N)n1nc(-c3ccco3)nc21,244,33.0
328,328,COc1ccc(CNc2nc3cnc(N4CCC(N5CCCC5)CC4)cc3n(Cc3ccccc3)c2=O)cc1,80,35.5
329,329,CC(=O)Nc1nc2cnc(Nc3ccc(N(C)C4CCN(C5COC5)CC4)cn3)nc2n1C1CC1,80,28.5
330,330,C=CC(=O)N1CCC[C@@H](Nc2nc(Nc3cnn(CC)c3)nc3[nH]cc(-c4cccc(OC)c4C)c23)C1,80,29.5
331,331,CCN1CCc2cc(C3CCN(C(=O)c4cc(Cc5n[nH]c(=O)c6c5NCCC6)ccc4F)CC3)ccc21,80,29.5
332,332,C[C@@H](Nc1ncnc2c1cc(C1CCN(C(=O)C3CC(F)(F)C3)CC1)c(=O)n2C)c1cccc(C(F)F)c1F,121,15.0
333,333,C[C@H](Nc1ncc(F)c(N2[C@H](C)OC(C)(C)[C@H]2O)n1)c1ccc(CN2CCC(F)(F)CC2)cc1,121,25.0
334,334,O=C(CCC(F)(F)F)N1CC=C(c2cccn3nc(Nc4ccc(C(=O)N5CCC6(CCNCC6)CC5)cc4)nc23)CC1,121,7.0
335,335,COC1COCCC1NC1CC2CCCC2(C(=O)N2CC3CC2CN3c2cc(C(F)(F)F)ccn2)C1,121,21.5
336,336,CN(C)C(=O)CSc1nnc(COc2ccc(Cl)cc2)n1N,76,21.5
337,337,Nn1c(SCC2CCCO2)nncc1=O,76,17.0
338,338,Cc1cc(C)n(-c2nnc(SCC(=O)N(C)C3CCCCC3)nc2N)n1,76,13.0
339,339,Cc1noc(COCc2nnc(SCc3ccc(Cl)cc3)n2N)n1,76,26.0
340,340,Cc1c(-c2cccc3ccccc23)nc(N2CCOCC2)c(C#N)c1-c1ccc(C#N)cc1,221,13.5
341,341,COc1ccc(C2CCN(c3ncnc4c3cnn4-c3cccc(C#N)c3)CC2)cc1,221,42.5
342,342,CC1CCC(C(=O)N2Cc3cccnc3Nc3ccc(-c4cccc(C#N)c4)cc32)CC1,221,24.5
343,343,Cc1c(-c2ccccc2)c(N2CCC(C)(O)CC2)n2c(-c3ccccc3F)cnc2c1C#N,221,26.0
344,344,CCCCc1ccc(N2CCc3c(C(F)(F)F)ccc(N4CCN(C(=O)CO)CC4)c3C2)nc1,23,11.0
345,345,Cc1ccc(Cl)cc1N1CCN(c2nc(C(F)(F)F)ccc2CNC(=O)C(C)C)CC1,23,12.0
346,346,C[C@H]1CN(C2COC2)CCN1c1cc(F)c(C(=O)NS(=O)(=O)N2CCC2)cc1Cl,23,16.5
347,347,Cc1oc(C(=O)N2Cc3ccccc3C[C@H]2CN2CCN(C)CC2)c(-c2nc3cc(C(F)(F)F)ccc3[nH]2)c1C,23,14.5
348,348,CNS(=O)(=O)N1CCN(c2ccccc2Cl)CC1,84,15.5
349,349,CN(C)S(=O)(=O)NCc1cccn1C,84,14.5
350,350,CCCN(CCO)S(=O)(=O)N1CCCCC1c1ccco1,84,8.5
351,351,CC1CCCN(S(=O)(=O)NCC(C)(C)C2CCC2)C1,84,13.5
352,352,O=C(CNC(=O)Nc1cccc(Cl)c1Cl)NCC1(CN2CCOCC2)CCCCC1,213,22.0
353,353,CC(C)Oc1cc(Cl)c(Cl)cc1C(=O)N[C@@H]1CCCN(c2ncnc3[nH]ccc23)C1,213,22.0
354,354,O=C(CC[C@H]1[C@H](C(=O)Nc2cc(Cl)cc(Cl)c2)[C@@H]2C=C[C@H]1C21CC1)NCc1ccccc1,213,7.5
355,355,Cc1cc(-c2nn(C(C)c3ccc(Cl)c(F)c3)c3c2CN(C(=O)C(C)(C)C(N)=O)CC3)ccc1Cl,213,10.0
356,356,O=c1c2c[n+]([O-])c3ccccc3c2n(Cc2ccccc2)c(=O)n1Cc1ccc2c(c1)OCO2,5,39.5
357,357,CCn1cc(C(=O)NCc2cccc(-c3cccc(OC)c3)c2)c2cc(OC)c(OC)cc2c1=O,5,9.0
358,358,COc1cc(-c2nc(SCC(c3ccccc3)c3ccccc3)[nH]c(=O)c2C#N)cc(OC)c1OC,5,39.0
359,359,CCN(CC)CCn1c(=O)c2cc3c(cc2c2ccc4oc5c(C)cccc5c4c21)OCO3,5,6.5
360,360,O=C(NCCCCCCCNc1c2c(nc3ccccc13)CCCC2)Nc1ccc(F)cc1,227,30.0
361,361,CC(=O)N[C@@H](C)CO[C@H]1CC[C@H](Oc2nccc3cc(N4CCn5nc(C)cc5C4)ccc23)CC1,227,20.0
362,362,O=C(NCCCN1CCCC1)c1ccccc1-n1cc(C2CCC2)c2ncccc21,227,10.5
363,363,CCC(C)c1ccc(Nc2nc3cc(C)c(NC(=O)C(C)C)cc3n2CCOCCO)cc1,227,35.0
364,364,CC(C)c1ccccc1-c1ncc2[nH]c(=O)n([C@H](C)c3ccc(-c4cnn(C)c4)cc3)c2n1,50,11.0
365,365,Fc1ccc2c(c1CNc1ncc(-c3ccncc3)c3nc(Cc4ccccc4)[nH]c13)CCO2,50,31.0
366,366,O=C(Nc1ccc(-c2nc3cc(-c4cn[nH]c4)ccc3[nH]2)cc1)NC1CCOCC1,50,26.0
367,367,Cc1ccc(-n2nccn2)c(C(=O)N2CC[C@H](C)[C@H]2c2nc3cc(Cl)c(C)cc3[nH]2)c1,50,11.5
368,368,COC(=O)Nc1ccc(C(=O)N2Cc3nccnc3C(O)C2)cc1,109,27.5
369,369,CN(CCCCCN1CCCCCC1)CCCN1C[C@@H](O)[C@@H](O)C1.Cl,109,1.0
370,370,Cc1nc(N2CCCC2)ncc1C(=O)N1CCOC[C@H](O)C1,109,14.5
371,371,CCCN1Cc2cccc(F)c2C(O)C1,109,11.0
372,372,COc1ccc(NC(=O)N2CC[C@H](NC3CC3)[C@H](Oc3ccc(F)cc3)C2)cc1F,49,19.0
373,373,Cc1ccc(-c2cc(C)c(NC(=O)N3CCC(CO)(CN(C)C)CC3)c(C)c2)c(F)n1,49,22.5
374,374,O=C(Nc1ccc(Cl)cc1)N1CCCC2(C1)CN(C(=O)c1ccccn1)CCO2,49,27.5
375,375,O=C(Nc1ccc(C2=CCN(C(=O)C3CCC3)CC2)cc1)N1Cc2ccccc2C1,49,10.0
376,376,COc1ccc2c3c(c4cc(OC)c(OC)cc4c2c1)CN1CCC[C@@H]1C3,226,14.0
377,377,COc1cc(C=Nn2c(C)nnc2C)cc(OC)c1OCCc1ccccc1,226,11.5
378,378,COc1cc(CNCCn2ncc3ccccc32)cc(OC)c1OC,226,3.0
379,379,COc1ccc(/C=C/c2cc(OC)c(OC)c(OC)c2)c(OC)c1,226,7.5
380,380,C[n+]1c(/C=C/[C@H](O)CO)oc2ccccc21,46,15.5
381,381,CC#CC(O)(c1ccc(CO)cc1)c1coc(C)n1,46,8.5
382,382,CNC(=O)Cn1cc(NC(=O)c2nc(-c3ccccc3)oc2C)cn1,46,24.5
383,383,COc1cc(NC(=O)CSc2nc(C)c(C)o2)cc(OC)c1,46,20.5
384,384,COc1cc(O[C@H]2C(=O)N(c3cnc(C#N)nc3)C[C@H]2C)c(Cl)cc1CN1CC[C@@H](OC)C1,231,24.0
385,385,Cc1ccc(C(=O)Nc2ccc(CN3CCN(C)CC3)c(C(F)(F)F)c2)cc1C#Cc1cnc2cc(C#N)cnn12,231,35.5
386,386,CC(c1nc2c(cnn2C2CCCC2)c(=O)[nH]1)N1CC(Oc2cc(OC3CC3)ccc2C#N)C1,231,28.0
387,387,CCN1CCC2(CCN(c3ccc(-c4cc(OCCF)cn5ncc(C#N)c45)cn3)CC2)C1=O,231,31.5
388,388,N=C(N)NC(=O)OCc1ccnc(N2CCC(F)(F)CC2)c1F,132,21.0
389,389,CCOC(=O)NC(C(=O)Nc1ccc2[nH]nc(C(N)=O)c2c1)C(C)C,132,18.0
390,390,Cc1ccc(N2CCCO[C@H]2CNC(=O)OC(C)(C)C)nn1,132,10.5
391,391,CCOC(=O)NC1CCC(c2nc3cccc(C)c3[nH]2)CC1,132,5.5
392,392,COc1cccc(SCC(=O)NC(=O)Nc2nnc(C(C)(C)C)s2)c1,209,26.0
393,393,COc1cc(NC2NC(=O)NC2=O)c(Cl)cc1C#N,209,23.0
394,394,CCc1ccc2c(c1)CC(=O)NC2=O,209,16.5
395,395,CCN1CCN(C(=O)Nc2ccc(-c3cncc(OC)c3)nc2)C(=O)C1,209,23.5
396,396,Cc1nn(C)c2nc(NCc3cccc(Cn4ccnc4)c3)sc12,116,16.5
397,397,COc1cccc2sc(N3CCCC3)nc12,116,20.5
398,398,Cc1ccc(-c2cn(Cc3cscn3)nn2)cc1C,116,6.5
399,399,COc1ccc2sc(NCc3ccccc3)nc2c1,116,12.5
400,400,C[C@H]1CN([C@@H](C)CO)C(=O)c2cc(CCc3ccccc3)cnc2O[C@@H]1CN(C)C(=O)NC1CCCCC1,101,12.5
401,401,CC(C)(CNC(=O)[C@H](CC1CCCC1)NC(=O)CCN1CCC(O)CC1)c1ccc(Cl)cc1,101,21.5
402,402,COCC(=O)N1C[C@@H](C(=O)N(C)CC2CCCCC2)[C@H](c2ccc(-c3cccc(C)c3F)cc2)C1,101,9.0
403,403,COC(=O)Nc1ccc2c(NC(=O)C3CC3)nn(CC(=O)NCCCCc3ccccc3)c2c1,101,30.5
404,404,Cc1ccc2cnn(CCC(=O)Nc3cnn(Cc4ccc(C(=O)Nc5cc(C(F)(F)F)ccn5)cc4)n3)c2c1,190,44.5
405,405,COc1cc(F)cc2c1nc(N)n1nc([C@H]3CC[C@H](NC(=O)c4cc(OC(F)(F)F)ccc4F)CC3)nc21,190,34.5
406,406,CN(C)C(=O)Cn1cc(C(=O)Nc2cccc(-c3cccc(-c4nc5cc(C(F)(F)F)ccc5[nH]4)c3)c2)nn1,190,42.5
407,407,Cc1cc(Nc2nccc(-c3sc(NC(=O)N(C)CCC(F)(F)F)nc3C)n2)c2cn[nH]c2c1,190,31.5
408,408,COCc1ccc2c(c1)CCCN2C(=O)c1ccc(OC)cc1,219,11.0
409,409,COc1cc2c3c(n(C)c(=O)c2cc1OC)CC(C)(C)N[C@H]3c1ccccc1,219,20.5
410,410,COc1ccc(CC(=O)NCCc2ccccc2)cc1OC,219,6.5
411,411,COc1ccc(OC)c2c1cc(C(=O)NCc1ccccc1Cl)n2C,219,20.0
412,412,COc1ccc(Cl)cc1-c1nnc([C@@H]2CCN2C(=O)c2cc(C)c(C)cc2-n2nccn2)[nH]1,232,31.0
413,413,COc1cccc(CNC(=O)Nc2nc(-c3cnn(Cc4ccccc4)c3)cn3ccnc23)c1,232,35.5
414,414,CC(Cn1cccn1)n1nnc2cc3c(=O)n(C4CC4)nnc3cc2c1=O,232,30.0
415,415,C=CCn1c(-c2cnccn2)nc2c(F)cc(Oc3ccnc(NC(=O)OCC)c3)cc21,232,31.5
416,416,O=C(c1cccc(-c2cnc3ccccc3c2)c1)N1CCN(Cc2cccc(-n3ccccc3=O)c2)CC1,65,44.0
417,417,CC(C)(C)c1ccc(C(=O)N2CCN(c3ccccc3[C@@H](N)CCCCN)CC2)cc1.Cl,65,0.0
418,418,COc1ccc(N2CCN(Cc3cc(=O)oc4c(C)c(OCc5ccccc5)ccc34)CC2)cc1,65,29.0
419,419,O=C(Cn1nc(Nc2ccccc2)c2ccccc2c1=O)N1CCN(c2ccccn2)CC1,65,31.5
420,420,OCCc1cn(-c2ccc(Cl)cc2Cl)nn1,114,13.5
421,421,Nc1nnc(SCc2cccc(Cl)c2)s1,114,10.5
422,422,Clc1cccc(-c2nc(-c3ncon3)cs2)c1Cl,114,13.5
423,423,COCc1noc(COc2ccc(Cl)c(Cl)c2)n1,114,11.0
424,424,CN1CCN(CCCNC(=O)c2c(-c3ccccc3Cl)c3c([nH]c4ccc(F)cc43)c(=O)n2C)CC1,201,30.0
425,425,CC#CCn1c(N2CCC[C@@H](N)C2)nc2c1c(=O)n(CCCN1CCN(c3ccc(F)cc3)CC1)c(=O)n2C,201,36.5
426,426,CC(C)c1ccc2nccc(N3CCN(Cc4nc5c(cnn5C)c(=O)[nH]4)CC3)c2c1,201,26.5
427,427,COc1ccc2nc(Nc3ncc(CN4CCN(C(C)=O)CC4)cc3-c3nc(C)nc(N)n3)sc2c1,201,31.0
428,428,COCCn1nccc1Nc1ncc(Cl)c(N2CCC[C@@H](NC(=O)[C@H](C)O)C2)n1,161,25.0
429,429,Cc1nc(Nc2ncc(C(=O)Nc3c(C)nn(C)c3C)s2)cc(N2CC[C@@](C)(N)C2)n1,161,33.5
430,430,N[C@H]1CCCC[C@H]1Nc1ccn2ncc(C(=O)Nc3cc(-c4ccc(F)cc4)ns3)c2n1,161,32.5
431,431,COCCNc1ncc(C(=O)N(C)C)c(NC2CC(C)(C)NC(C)(C)C2)n1,161,17.5
432,432,Cc1ccc(C)c(-c2[nH]c(-c3cnccc3C)nc2-c2ccncc2)c1,95,12.5
433,433,N#Cc1cc(-c2ccnc3[nH]c(-c4ccc[nH]4)cc23)ccc1OC1CCOCC1,95,26.0
434,434,CN1CCN(c2ccc(-c3n[nH]c4ncc(-c5cncc(O)c5)cc34)cc2)CC1,95,29.0
435,435,COCCOc1cccc2[nH]c(-c3n[nH]c4cnc(-c5ccc6ocnc6c5)cc34)cc12,95,32.5
436,436,CC(=O)N1CCC(c2cccnc2OC2CCN(c3ccc4ccccc4n3)CC2)CC1,238,22.0
437,437,Cc1ccccc1CN(CCO)C1CCN(CCCc2c[nH]c3ccc(-n4cnnc4)cc23)CC1,238,24.5
438,438,CNC(=O)c1c(OCCN2CCC(Cc3ccccc3)CC2)ccc2cc(-c3cncnc3)ccc12,238,39.0
439,439,O=C(NC(CN1CCCC1)c1ccccc1)c1ccc2c(c1)C(=O)N(CCC1CCNCC1)C2,238,10.5
440,440,CN(c1ccccc1)c1ccc2c(N(C)S(=O)(=O)NC[C@@H]3CCCO3)cc(=O)oc2c1.[I-],123,0.0
441,441,Cc1c(F)cccc1-c1nc(Nc2ccc3c(c2)CNCC(C)NC3=O)c2cccn2n1,123,10.0
442,442,COc1cccc(NC(=O)CCc2nnc(CCC(=O)Nc3cccc(C)c3)o2)c1,123,34.5
443,443,CNc1nc(Nc2ccc(-n3nccn3)c(Cl)c2)nc2c1C(C)(C)CN2c1ccccc1,123,24.0
444,444,COc1cc2c(c(OC)c1OC)-c1ccc(SC)c(=O)cc1[C@@H](NC=O)CC2,107,27.5
445,445,COc1cc(OC)c(-c2coc3c4c(c(OC)cc3c2=O)CCCC4)cc1OC,107,21.0
446,446,COc1ccc2c(c1)c(-c1cc(OC)c(OC)c(OC)c1)cc(=O)n2C,107,3.0
447,447,COc1ccc(C(C)NC(=O)c2c(OC)cccc2OC)cc1F,107,8.5
448,448,N#Cc1cc(-c2ccnc3[nH]c(N4CCC(F)CC4)cc23)ccc1NCc1ccccn1,189,30.0
449,449,CN(c1nccc(-c2cc(C#N)c3c(c2)[C@@](C)(CO)CN3)n1)c1cccc2[nH]ncc12,189,23.5
450,450,Cc1ccc(C(=O)Nc2cc(C#N)ccn2)cc1-n1cc(-c2cnc3[nH]ccc3n2)nn1,189,37.0
451,451,N#Cc1ccc(-n2ncc3c(NCCN)ncnc32)nc1,189,23.0
452,452,CCOc1ccc(NC(=O)c2cccc(C(=O)Nc3ccc(CN(C)C)c(C(F)(F)F)c3)c2)cc1,15,28.0
453,453,CC1CNC(=O)c2cc3ccc(C(=O)Nc4nc(C(=O)N(CCC(F)(F)F)C5CC5)cs4)cc3n21,15,20.5
454,454,Cc1cc(N=S(C)(C)=O)cc2ncnc(Nc3ccc(F)cc3O[C@H](C)C(=O)NCC(F)(F)F)c12,15,35.5
455,455,C[C@@H]1CN([C@H](C)CO)C(=O)c2cc(NC(=O)c3ccncc3)ccc2O[C@H]1CN(C)C(=O)Nc1cc(F)ccc1F,15,34.5
456,456,COc1ccc(-c2[nH]c3ccccc3c2-c2cccc(OCCN(C)C)c2)cc1,60,8.0
457,457,Cc1c(-c2ccccc2)cccc1-c1nc2cnccn2c1NCC1CC1,60,17.5
458,458,CC1CCN(Cc2ccc(-c3cncc4nc(OCc5ccc(Cl)cc5)nn34)cc2)CC1,60,24.0
459,459,Cn1c(Cc2ccc(-c3csc(-c4c[nH]c5ccccc45)n3)cc2)nc2ccccc21,60,35.0
460,460,Cc1nn(C2CCOCC2)cc1Nc1ncc2ccnc(NCC3(C)COC3)c2n1,236,26.0
461,461,Cn1cc(CN2CCN(c3cccc4[nH]ncc34)CC2)c(-c2ccc(C(C)(C)C)cc2)n1,236,31.0
462,462,CO/N=C(\C)c1ccc2nnc(Sc3ccc4ncc(N5CCC(N6CCCCC6)CC5)cc4c3)n2n1,236,31.5
463,463,COCCN(C[C@H]1CC[C@H](c2nnn3cnc4[nH]ccc4c23)CC1)[C@H]1CCCc2cccnc21,236,26.5
464,464,Cc1ccc(C2CNC(=O)C23CCN(C2(C(=O)N4CCN(c5ncccn5)CC4)CCCCC2)CC3)cc1,12,17.0
465,465,CCCN(CCN1CCN(C(=O)OC(C)(C)C)CC1)C1CCc2cc(F)ccc2C1,12,13.5
466,466,CC(=O)N1CCN(c2ccc(Nc3ncc(C(N)=O)c(NC4CC5CCC4C5)n3)cc2)CC1,12,31.5
467,467,CO[C@H]1CCN(C(=O)c2ccc(N3CCN(Cc4cnc5ccccc5c4)CC3)cc2F)C1,12,30.5
468,468,Cn1c(SCCOc2ccccc2)nnc1-c1ccncc1,124,29.5
469,469,Cc1ccn2c(SCCc3c[nH]c4ccccc34)nnc2n1,124,22.0
470,470,CN(C)CCCSc1nc(C(C)(C)C)nc2c1cnn2-c1ccccc1,124,34.5
471,471,Cc1nncn1-c1ccc(SCc2noc(C(C)(C)C)n2)cc1,124,21.5
472,472,COc1ccc(CNc2nc(Cl)nc(NCc3ccc(Br)cc3)n2)cc1,110,39.0
473,473,OC1(c2ccc(Cl)cc2)CCC(c2cccnc2)=C1c1ccc(Cl)cc1,110,17.0
474,474,CSc1ccc(-c2nc3ccc(Cl)cn3c2NC2CCCCC2)cc1,110,16.5
475,475,CN1/C(=C/C=C/c2nnc(-c3ccc(Cl)cc3)o2)C(C)(C)c2ccccc21,110,8.5
476,476,CNCC(=O)N1CCC[C@@H](n2nc(-c3ccc(Oc4ccccc4)cc3)c3c(N)ncnc32)C1,163,33.0
477,477,Nc1ncc(C2CCOC2)nc1-c1ccc(C(=O)N[C@H](CO)c2cc(F)cc(I)c2)c(F)c1,163,34.5
478,478,CC(C(=O)NCC1CC1)(c1ccccc1)n1ncc2c1nc(N)n1nc(-c3ccco3)nc21,163,36.5
479,479,Cc1[nH]c(=NC(=O)c2ccc(-c3nc(C4CCC5CCC(=O)N5C4)n4ccnc(N)c34)cc2)ccc1F,163,31.0
480,480,Cc1cc(NCc2c(-c3ccccn3)noc2C)n2nc(C)c(C)c2n1,154,20.0
481,481,Cc1nn(C)cc1-c1nn2c(-c3ccccc3C(C)(C)C)nnc2s1,154,27.0
482,482,COc1ccccc1-c1c(C)nn2c(NCc3nc4c(s3)CCCC4)cc(C)nc12,154,33.5
483,483,CN(Cc1ccncc1)Cc1cnc(-c2ccccn2)nc1,154,20.0
484,484,Cc1nc2cc(NC(=O)c3ccc4c(c3)OCO4)ccc2o1,187,14.5
485,485,Fc1ccccc1N1CCC(CNc2nc3ccccc3o2)C1,187,4.0
486,486,CCN(Cc1coc(-c2ccc(OC)cc2)n1)c1cccc(F)n1,187,21.0
487,487,Fc1ccc(-c2cnc(CNCCc3cccnc3)o2)cc1,187,23.5
488,488,Clc1cc(Cl)cc(CCN[C@H](Cn2ccnc2)c2ccc(Cl)cc2Cl)c1,39,9.0
489,489,CC(C)c1nn(-c2ccc(Cl)cc2Cl)c(Cl)c1CN[C@@H]1CCCC[C@H]1F,39,14.5
490,490,CC1CC(C(=O)Nc2cccnc2)C(C)N1C(=O)c1ccc(Cl)cc1Cl,39,25.0
491,491,O=C(c1ccc(F)c(F)c1)N1CCN(C(=O)c2ccc(Cl)cc2Cl)CC1,39,11.0
492,492,Cc1ccc(F)c(NC(=O)Nc2ccc(Oc3ccnc(-c4cc(C(=O)N=S(C)(C)=O)c[nH]4)c3)cc2)c1,36,30.0
493,493,Nc1nc(Oc2ccc(NC(=O)Cc3cccc(COc4cccc5cccnc45)c3)cc2)n[nH]1,36,38.0
494,494,O=C(CN1CCCC1)Nc1ccc2nc3[nH]ncc3c(-c3ccc(Oc4ccccc4)cc3)c2c1,36,29.5
495,495,CCCn1c(=O)c2nc(-c3cc(OCC(=O)Nc4ccc(SC)cc4)nn3C)[nH]c2n(CCC)c1=O,36,41.0
496,496,CCOc1ccc(NC(=O)C2CCN(c3ccc(C)nn3)CC2)cc1OCC,70,28.0
497,497,COc1cc2ccccc2c(OCCn2cc(C(=O)N[C@@H]3CCCN(C)C3)cn2)c1OC,70,24.5
498,498,COc1ccc(NC(=O)c2ccc3c(c2)NC(=O)C(C)S3)cc1N1CCCCC1,70,22.0
499,499,CCOc1cccc(OCc2nnc(SCc3ccc(C(=O)N4CCCCCC4)cc3)o2)c1,70,34.0
500,500,CC(=O)NC[C@H]1CN(c2ccc(OC[C@@H](C)O)c(F)c2)C(=O)O1,104,7.5
501,501,CC(Nc1ccc(N2CCOC2=O)cc1)c1nnc2n1CCC2,104,8.5
502,502,CC(=O)NCC1CN(c2ccc(N3CCn4c3c3nccc-3ccc4=O)c(F)c2)C(=O)O1,104,31.5
503,503,CC(Nc1nccc(N2C(=O)OCC2C(C)O)n1)c1nc(-c2cccc(OC(F)F)c2)no1,104,23.5
504,504,COc1ccc2cc(C(=O)Nc3cc(C)no3)[nH]c2c1OC,208,12.0
505,505,COc1cc(C(=O)Nc2c(C)n[nH]c2C)cc2c1OCCO2,208,8.0
506,506,COc1ccc(CCNC(=O)CCc2nc3ccccc3c(=O)[nH]2)cc1,208,28.5
507,507,Cc1ccnc(NC(=O)c2cc3c(OCCCN(C)C)cccc3[nH]2)c1,208,27.5
508,508,CNc1nc(Nc2ccc(C(=O)N(C)CCO)cc2OC(F)F)ncc1Cl,40,8.5
509,509,Nc1nc(N2CCC(N)(C(F)(F)F)CC2)c2c(-c3ccnc(OCC4CC4)c3)c[nH]c2n1,40,28.5
510,510,CC(C)(C)OC(=O)Nc1cc(-n2nc(C(F)(F)F)cc2C(=O)N2CCOCC2)ccn1,40,4.0
511,511,CNc1nc(Nc2ncnn3ccc(CO)c23)ncc1C(F)(F)F,40,20.0
512,512,COc1ccnc(N2CCN(C(=O)C3CC(=O)N(C4CC4)C3)CC2)n1,113,19.5
513,513,CCCCCCCCNC(=O)CN1CCN(c2ccccc2OC)CC1,113,20.5
514,514,CCCn1ccc(C(=O)N2CCN(C3CCN(C)CC3)CC2)n1,113,13.5
515,515,CC1(C)COc2c1cccc2C1(C(=O)N2CCN(C(=O)C3CC3)CC2)CC1,113,8.5
516,516,COc1cc(CNCCNC(C)=O)ccc1OCc1cccc(F)c1,175,9.0
517,517,COc1ccc(CC(=O)Nc2cccc(N3CCCC3=O)c2)cc1OC,175,23.0
518,518,COc1ccc(CCNC(=O)c2cc(=O)c3cc(C)cc(N)c3o2)cc1OC,175,35.0
519,519,COc1cccc(OCC(=O)Nc2ccccc2C(=O)NC2CC2)c1,175,22.0
520,520,O=S(O)c1ccc(Oc2ccc(Cl)cc2)cc1,248,12.0
521,521,COc1cccc2c(O)cc(-c3ccncc3)nc12,248,20.5
522,522,Oc1nc(-c2cccnc2)nc2ccccc12,248,23.0
523,523,Oc1cc(SCc2cccnc2)nc2ccccc12,248,28.0
524,524,CN1CCN(c2cccc3cc4ccccc4nc23)CC1,165,18.0
525,525,CC(C)N1CCN(c2nc3ccccc3c3occc23)CC1,165,10.0
526,526,CCn1c2ccccc2c2cc(N3CCN(C)CC3)ccc21,165,7.5
527,527,c1ccc(CN2CCN(c3ncccn3)CC2Cn2cccn2)cc1,165,9.0
528,528,COc1ccc(/C=C/C(=O)Nc2cc[n+](Cc3cccc(Cl)c3)cc2)cc1.[Cl-],160,0.0
529,529,CCOc1ccc(-c2cc(C(=O)Nc3ccc(Cl)cc3)c3ccccc3n2)cc1,160,9.0
530,530,COc1cccc(-n2c(=O)n(CCCO)c(=O)n(Cc3ccccc3Cl)c2=O)c1,160,19.5
531,531,O=C(Nc1cccc(Cl)c1)Nc1nnc(Sc2nnc(-c3ccccc3)o2)s1,160,32.5
532,532,Cc1cccc(-c2nc(Nc3ccncc3F)c3cc4c(n3n2)CCN(C(=O)CC(C)(C)O)C4)n1,156,34.0
533,533,COc1ccncc1NC(=O)c1ccc2c(c1)N(c1ncc(-c3ccccc3F)cn1)CC21CC1,156,31.0
534,534,Cc1nnn(C)c1-c1cnc2c3cc(N[C@@H](C)C(=O)N(C)C)ncc3n([C@H](c3ccc(Cl)cc3)C3CCOCC3)c2c1,156,30.5
535,535,CC(C)c1nc(-c2cc(COc3ccccc3-c3ccnc(N4CCC(O)CC4)n3)on2)no1,156,33.5
536,536,Cc1noc(COc2ccc(Br)cc2)n1,57,20.0
537,537,c1ccc2c(c1)[nH]c1cccnc12,57,17.0
538,538,Brc1ccc(-c2nnco2)cc1,57,17.0
539,539,Cc1cnn(C)c1-c1ccc(Br)cc1,57,12.5
540,540,CCN(CC)C(=O)c1ccc2c(c1)N(CCN1CCCC1)C(=O)CO2,234,5.0
541,541,CCOP(=O)(OCC)c1ccc2c(c1)O[C@H](C(=O)N1CCCCC1)CN2,234,20.5
542,542,CC1Oc2ccc(CN3CCC4(CC3)CN(C)C(=O)O4)cc2NC1=O,234,15.0
543,543,COC1CCN(C(=O)CC2Oc3ccc(F)cc3NC2=O)CC1,234,24.5
544,544,Cn1c(N2CCN(C(=O)Nc3cccc(F)c3)CC2)cc(=O)n(C)c1=O,162,17.5
545,545,CC(C)(C)NC(=O)N1CC(=O)N2CCc3ccccc3C2C1,162,8.5
546,546,COCCCNC(=O)N1CCN(c2ccccc2)CC1,162,9.5
547,547,CN(C)C(=O)N1CCN(C(=O)c2cccn2-c2ccccc2)CC1,162,15.0
548,548,COc1ccc(-c2noc(C(=O)Nc3ccc4c(c3)OCO4)n2)cc1,30,22.5
549,549,O=C(Cn1cnc(-c2ccccc2F)cc1=O)Nc1ccc2c(c1)OCCO2,30,23.5
550,550,COc1cc2c(cc1OC)-c1ncc3cc4n(c3c1CN2)CCCNC4=O,30,20.5
551,551,CC(=O)N1CCc2c(c(Oc3ccc(F)cc3F)nn2-c2ccccc2)C1,30,9.0
552,552,CCc1c2ccccc2nc2c1[nH]c1ccc(Cl)cc12,69,10.0
553,553,COc1ccccc1-c1c[nH]c(-c2ccc(Oc3ccccc3)cc2)n1,69,31.5
554,554,CSc1ccc(Nc2nc(-c3ccccc3)nc3ccccc23)cc1,69,26.0
555,555,Cc1ccc(-c2sc(Nc3ccccc3)n[n+]2-c2ccccc2)cc1,69,16.5
556,556,O=P(O)(O)COc1ccccc1F,177,9.5
557,557,CCCCN(CCc1ccccc1)C(=O)CN,177,9.0
558,558,Cc1ccc(O)c(NCCCN)n1,177,12.5
559,559,C=C(C)C(O)C(O)CC=C(C)CCC=C(C)C,177,12.0
560,560,CN1CCC(CNC(=O)c2ccc3c(c2)nc(Cc2ccc(C(F)(F)F)cc2)n3C2CC2)CC1,159,12.5
561,561,Cc1cc(C(=O)N2CCC(NC(c3ccc(C(F)(F)F)cc3)c3cccnc3)CC2)no1,159,31.0
562,562,O=C(Cc1cc(Cl)cc(C(F)(F)F)c1)N1CCCCC1CN1CCCC1,159,7.5
563,563,CC(C)[C@@H]1NC(=O)[C@H](Cc2ccc(OC(F)(F)F)cc2)NCCCCCCNC1=O,159,10.0
564,564,O=C(NCCc1nc[nH]n1)c1cc2ccccc2[nH]1,167,13.5
565,565,Cc1n[nH]cc1NC(=O)c1n[nH]c(C)c1N,167,15.5
566,566,COc1c(C)n[nH]c1NC(=O)Nc1ccc(-c2nc[nH]n2)cc1,167,27.0
567,567,Cc1[nH]ncc1CNC(=O)Nc1cc(-c2ccncc2)n[nH]1,167,16.5
568,568,CN(C)C1CN(C(=O)C2CCc3c2c2cc(Br)ccc2n3CCCF)C1,155,21.0
569,569,CCN1CCN(C(=O)COCC2CC2)c2ccccc21,155,7.5
570,570,Cc1cc2c[n+]([O-])c3ccccc3c2n1C(=O)NCCN(C)C,155,23.0
571,571,COc1ccccc1CN(C)C(=O)C1(c2ccc(F)cc2F)CCOCC1,155,12.0
572,572,Cc1cc(C(=O)N2CCN(CCOc3ccc(F)cc3)CC2)no1,242,21.5
573,573,O=C(CN1CCN(C(=O)c2ccccc2F)CC1)NCc1ccco1,242,15.5
574,574,COc1cc(N2CCN(C(=O)Cn3ncc4c3c(=O)n(C)c(=O)n4C)CC2)ccc1C,242,28.5
575,575,CC[C@@H](NC(=O)c1cc(C(=O)N2CCNC[C@H]2C)n2c1COCC2)c1ccccc1,242,22.5
576,576,Cl.O=C(Nc1ccccc1C(=O)NC1Cc2ccccc2C1)OCCc1cccnc1,45,16.5
577,577,CN1C(=O)[C@H](CC(c2ccccc2)c2ccccc2)NC(=O)[C@@H]1Cc1c[nH]c2ccccc12,45,31.5
578,578,CC1(C)Oc2ccc(C#N)cc2C=C1NC(=O)C(c1ccccc1)c1ccccc1,45,26.0
579,579,CN(C)c1ccccc1C[S+]([O-])C(c1ccc(F)cc1)c1ccc(F)cc1,45,22.5
580,580,NC(CNCc1cccc(Cl)c1)Cc1c[nH]c2ccccc12,94,8.0
581,581,Cc1nc[nH]c1-c1nccn1Cc1ccc(C(C)(C)C)cc1,94,18.5
582,582,COCCCNc1cc(-c2n[nH]c(-c3cccc(Cl)c3)n2)ccn1,94,16.5
583,583,COc1cc(C)c(Cl)c(C)c1-c1ncnc2[nH]ccc12,94,23.5
584,584,C=Cc1cc(N2C[C@@H]3CN[C@@H]3C2)cc(C)n1,92,15.5
585,585,CCC1=CC2CNc3cccc1c32,92,7.0
586,586,C=CCN1CCN(CC2CC2)Cc2ccccc21,92,9.0
587,587,c1cnc2c(NCCC3CCCCO3)cccc2c1,92,18.0
588,588,Cc1nc2c(s1)CCC1=C2c2cnccc2C(=O)n2cnc3cccc1c32,172,32.0
589,589,O=C(NC[C@H]1COc2ccccc2C1)c1ccc2nc(N3C[C@@H]4C[C@H]3C[C@H]4O)sc2c1,172,25.5
590,590,Cc1nc2ncnn2c(C)c1CCC(=O)Nc1nc2c(s1)CN(Cc1ccccc1)C2C(C)C,172,37.0
591,591,O=C(Nc1ccc2nc(SCC(=O)N3CCCCC3)sc2c1)c1ccco1,172,26.0
592,592,CC(=O)Nc1nc2cc(C3(O)c4cccc(Cl)c4C(=O)N3CC3CC3)ccc2[nH]1,182,24.5
593,593,O=C(NCc1ccc(F)c(Cl)c1)c1cccc2[nH]ccc12,182,12.5
594,594,CC(CO)N=c1[nH][nH]c2cn(Cc3ccc(F)c(Cl)c3)c(=O)cc12,182,30.0
595,595,O=C(Nc1ccc(-c2nc3ncc[nH]c-3n2)cc1)c1ccc(Cl)cc1,182,28.5
596,596,CC(=O)NCC(=O)NCC(=O)Nc1ccc(Br)c(C)c1,55,14.0
597,597,CC(C)CC(NC(=O)C(N)Cc1ccccc1)B(O)O,55,7.0
598,598,CCCn1c(C)cc(=O)c(O)c1CNC(=O)CC,55,15.0
599,599,Cc1ccc(NC(=O)C2CC2)cc1NC(=O)C(C)(C)C,55,6.5
600,600,Cn1c(CN2CCC(CCc3ccccc3)CC2)nc2ccccc21,52,20.0
601,601,CCCCCCCOc1ccc(-[n+]2c(C)c3ccccn3c2C)cc1.[Br-],52,2.0
602,602,CCN(C/C=C/C#CC(C)(C)C)Cc1cccc(OC[Si](C)(C)c2ccc(N(C)C)cc2)c1,52,7.0
603,603,CN(CCc1ccccn1)C[C@@H](c1ccccc1)N1CCCC1,52,5.5
604,604,CC(C)CC(CNC(C)C)NC(=O)Nc1nc2ccc(Cl)cc2s1,58,21.0
605,605,Cc1ncc(CNC(=O)NCCc2c(F)cccc2F)s1,58,20.0
606,606,CC(CO)NC(=O)NCCc1sc(-c2ccccc2)nc1C(C)C,58,17.5
607,607,CCNC(=O)Nc1nc2ccc(-c3cc(OC)ccc3N(C)C)nc2s1,58,25.0
608,608,N#C/C(=C\c1ccc(-c2cccc(C(N)=O)c2)o1)C(=O)NCc1ccccc1,129,22.5
609,609,COCCN(C(=O)c1ccco1)C(C(=O)NCc1ccco1)c1ccccc1Cl,129,9.5
610,610,O=C(COc1ccc2c(=O)c3cc(Br)ccc3oc2c1)NCc1ccco1,129,35.5
611,611,Cc1ccnc(NC(=O)c2cc(-c3ccco3)nc3ccc(Cl)cc23)c1,129,31.0
612,612,Cc1nnc(-c2n[nH]c3cc(NC(=O)N[C@H]4CN(C)C[C@@H]4C(C)C)ncc23)o1,13,29.0
613,613,Cc1c(F)cc(F)cc1-c1ccnc2[nH]c(C3=CCN(C(C)(C)CN4CCCC4)CC3)cc12,13,27.0
614,614,CCN(CCCO)C(=O)c1ncc2[nH]c(=O)n(Cc3ccc(OCCN4CCCC4)cc3)c2c1C,13,33.0
615,615,Cc1cnc(-n2ccc(C(=O)N3CCC(N(C)C)CC3)n2)nc1-c1cc2c([nH]1)CCNC2=O,13,31.5
616,616,CCCN(C)c1ncnc(Nc2ccc(Cl)cn2)c1N,106,16.5
617,617,COc1ccccc1N1CCN(CCc2nc3nc(N)nc(O)c3n2C)CC1,106,26.5
618,618,Nc1nccc(-c2ccnc(N3CCCCC3)n2)n1,106,29.5
619,619,Cc1cc(Br)ccc1Nc1nc(N)nc(CNCCc2cccc(Cl)c2)n1,106,27.0
620,620,Cc1ccc2c(Nc3cc(C#N)ccc3C)ncnc2n1,186,20.0
621,621,N#Cc1ccc(-c2cc(-c3ccncc3)no2)cc1,186,10.0
622,622,Cn1c(C(C)(C)C)nc2c(Cl)cc(C#N)cc21,186,8.0
623,623,N#CCc1c(-c2ccc3c(c2)OCO3)nc2c(Cl)cccn12,186,13.0
624,624,CC(C)c1nnc(NC(=O)COc2ccc(SC3CCCCC3)cc2)s1,148,28.5
625,625,Cc1ccccc1-n1ccnc1SCC(=O)NCC(O)C1CC1,148,22.5
626,626,O=c1o[nH]c(CSc2nnc(NC3CC3)s2)c1C1CC1,148,26.0
627,627,COc1cccc(-c2nnc(SC(C)C(=O)NC3CC3)n2C)c1,148,15.0
628,628,CCCCCCC(C)(C)c1ccc(C2=CCC(O)CC2)cc1,93,13.0
629,629,O=C(CCC1CC1)NC1CCc2cc(F)ccc21,93,9.5
630,630,CC(C)(C)C1Cc2c(NC3CC4CCC3C4)ncnc2O1,93,18.5
631,631,CCN(CCO)C1CCCC(C(C)(C)C)C1,93,9.5
632,632,COc1cc(CN(C)C(=O)c2cc(C)nc3onc(C)c23)ccc1SC,73,21.0
633,633,CCCCC(CCSC)Nc1nc2ncccc2n2c(=O)n(-c3ccccc3)nc12,73,25.0
634,634,C=CCSc1nnc(C(C)Sc2nccn2C)n1N1C(=O)c2ccccc2C1=O,73,3.0
635,635,O=c1ccn(CCSc2nc3c(c(=O)n2-c2cccc(F)c2F)SCC3)c(=O)[nH]1,73,19.5
636,636,Cc1noc(C(C)N2CCC(c3cccc(C#N)c3)C2)n1,206,17.0
637,637,N#CCC(=O)N1CCC(=C2c3ccc(Cl)cc3CCc3cccnc32)CC1,206,17.0
638,638,N#CCCC1(CC2CC2)CCCN(C(=O)c2cccc3[nH]ccc23)C1,206,21.0
639,639,N#Cc1cccc(NC(=O)NCCCN2CCCCCC2=O)c1,206,12.5
640,640,Cn1ncc(NC(=O)c2csc(-c3c(F)ccc(F)c3F)n2)c1[C@@H]1CC[C@@H](N)[C@@H](F)CO1,217,25.5
641,641,O=C(Nc1cc(C(=O)Nc2ccc(Cl)cc2)c2[nH]c(O)nc2c1)c1c(F)cccc1F,217,17.0
642,642,Cc1cc(/N=c2\[nH]c(=O)n([C@@H](C)[C@@H](O)C3CCCO3)c(=O)n2Cc2ccc(Cl)cc2)ccc1OC(C)C,217,11.0
643,643,COc1cc(F)c(Cn2c(=O)[nH]c3cc(-c4noc(CN(C)C)n4)ccc3c2=O)c(F)c1,217,21.0
644,644,Cc1ccccc1-c1nc2ccccn2c1NCc1ccc2c(c1)OCO2,67,13.5
645,645,COc1ccc(-c2c(-c3ccccc3)sc3nccn23)c(OC)c1,67,9.0
646,646,COc1cccc(-c2n[nH]c(Cc3ccc(Cl)cc3)n2)c1,67,18.5
647,647,c1cnc(Oc2cc(-c3ccc4c(c3)CCO4)ncn2)cn1,67,24.0
648,648,COc1ccc(NC(=O)CCc2c(C)nc3c(C)cnn3c2C)c(OC)c1,6,28.5
649,649,CCCCn1nnc2cc(C(=O)Nc3cccc(C)c3)ccc21,6,18.0
650,650,Cc1noc(C)c1CSc1nnc(C2Cc3ccccc3CN2C(=O)OC(C)(C)C)o1,6,15.5
651,651,CCc1nn(C)c(CC)c1-c1cc(NCc2cc(C)cc(F)c2)nc(C)n1,6,20.0
652,652,C=CCN(CC(F)(F)F)C(=O)c1ccccc1-n1cnnn1,29,7.0
653,653,CC(=O)Nc1ccc(CNc2ccc(-n3cnnn3)cc2)cc1,29,18.5
654,654,Cc1cc(C(=O)NCc2cccc(C(N)=O)c2)ccc1-n1cnnn1,29,24.5
655,655,COCc1cccc(C(=O)Nc2ccccc2-n2cnnn2)c1,29,18.0
656,656,Cn1cc(-c2cccc3c2-c2ccccc2C3(O)C(F)(F)F)c(-c2ccncc2)n1,24,38.0
657,657,Nc1ccc(CNC(=O)c2cnn(-c3cccc4c(=O)[nH]ccc34)c2C(F)(F)F)cc1,24,25.5
658,658,COc1ccc(F)cc1-c1ccnc2[nH]c(C3=CCN(C(=O)C4(C(F)(F)F)CC4)CC3)cc12,24,32.0
659,659,CCc1cccc(-c2cc(NCNCC(F)(F)F)c3ccccc3n2)n1,24,7.5
660,660,CCc1cccc(C)c1-c1cc(NC2CNC2)nc(Nc2ccc(C(=O)N3CCOCC3)cc2)n1,51,22.0
661,661,COc1cc(C(=O)N2CCOCC2)ccc1Nc1nc2ccc(-c3ccc(C(=O)NCc4ccc(C)cc4)cc3)cn2n1,51,34.0
662,662,Cn1cc(-c2cc(Sc3cnc(N)cn3)nc(Nc3ccc(C(=O)NCCN4CCOCC4)cc3)n2)c2ccccc21,51,36.0
663,663,Cc1nc2c(-c3ccnn3C)cc(N3CCOCC3)cc2n1-c1ccnc2c(F)ccc(Cl)c12,51,14.5
664,664,COc1ccccc1NC(=O)Nc1cccc2c1OCCO2,61,16.0
665,665,CN(CCc1ccccc1)C(=O)C1CNc2ccccc2O1,61,16.0
666,666,COc1ccccc1C(=O)Nc1ccc2c(c1)OCCCO2,61,20.0
667,667,Cn1cccc1C(=O)NCCCNC(=O)c1ccc2c(c1)OCO2,61,16.5
668,668,CC1(O)CCN(c2cc3c(cc2NC(=O)c2cnn4cccnc24)CC(C)(C)O3)CC1,31,32.5
669,669,Cc1cc(Cn2ncc(N3CCCC(N)C3)cc2=O)ccc1Oc1ccccn1,31,21.5
670,670,CCCN1C(C(=O)NCc2ccncc2)CC2Cn3c(nc4cc(OC)ccc43)C21,31,24.0
671,671,O=C(c1cnn(-c2ccccc2)c1)N1C2CCC1CC(n1ccnn1)C2,31,18.5
672,672,CCc1noc(CC)c1CC(=O)Nc1cc(OC)ccn1,18,16.5
673,673,O=c1ccccn1Cc1cn2ccccc2c1CO,18,16.0
674,674,CCCN1C(=O)C(C)(Cc2cc(C)on2)Oc2cccnc21,18,21.0
675,675,O=C(NCCc1ccncc1)c1c(O)c2cccnc2n(O)c1=O,18,30.0
676,676,O=C(NCCn1ccc(C2CCCC2)n1)N1CCOCC1C1CC1,210,11.5
677,677,CC(C)(C)C(O)CNC(=O)NCC1CN2CCCCC2CO1,210,9.0
678,678,CC(C)[C@H](NC(=O)N1CCOCC1)C(=O)N1CC[C@](O)(c2ccc(Cl)cc2)C(C)(C)C1,210,26.5
679,679,CC1CCCC(C)N1C(=O)c1cnc(N2CCOCC2)nc1N,210,26.0
680,680,CC(Oc1ccccc1)C(=O)Nc1ccc(Cl)c(C(=O)NC2CC2)c1,134,15.5
681,681,COc1ccc(Cl)cc1CNc1cccc(CN(C)C(C)=O)c1,134,14.5
682,682,O=C(/C=C/c1ccc(Cl)cc1)Nc1ccncc1,134,11.0
683,683,O=C(c1cc(F)cc(F)c1)N(CCO)Cc1cccc(Cl)c1,134,24.0
684,684,CC1C(=O)SC(C)(C(O)c2ccc3ccccc3c2)C1O,198,12.5
685,685,CC(C)C(=O)NCCNC(=O)CSc1ccc(Cl)cc1,198,7.5
686,686,O=c1c(C2=CSCCS2)coc2ccc(Cl)cc12,198,11.5
687,687,O=C(NC1CCSc2ccccc21)c1ccccc1,198,14.5
688,688,Cn1cc(-c2ccncc2/C=C/C(=O)Nc2ccc(CNCCCn3ccnc3)cn2)cn1,83,42.5
689,689,[O-][n+]1ccc2ccc(C=Cc3cc[n+](CCN4CCCC4)cc3)nc2c1,83,31.0
690,690,CC(c1ccncc1)N(C)C(=O)c1cc(C2CC2)nc2ccccc12,83,16.5
691,691,Fc1cccc(-c2cnc3cnc(-c4cnn(C5CCNCC5)c4)cn23)c1,83,26.5
692,692,COc1cc2c(cc1OC)C(c1ccncc1)NCC2,91,19.5
693,693,COc1ccc2c(c1CN1CCCC(Cc3ccncc3)C1)OCO2,91,25.5
694,694,CC(C)Oc1cccc2c1C(c1ccncc1)NCC2,91,22.5
695,695,COc1cc2c(cc1Cl)CCNC2COc1ccccc1,91,9.5
696,696,Cc1noc(C)c1CN1CCNC(=O)C2CCCCC21,120,16.5
697,697,COCCCC(=O)N(C1CC1)[C@H]1CCCCNC1=O,120,8.0
698,698,CC(C)c1nc(N2CCCC2)ncc1C(=O)NC(C)C1CCCO1,120,23.0
699,699,CCC1(CC)CCCN(C(=O)CCn2cccn2)CC1,120,15.5
700,700,CC(=O)N1CCn2c(C3CC3)nc(-c3cccc4ccccc34)c2C1,102,15.0
701,701,Cc1cc2c(cc1C)/C(=C/c1ccc(N(C)C)cc1)C(=O)N2,102,23.5
702,702,O=C(Cc1cccc2ccccc12)NCc1cncc(C2CCCCC2)c1,102,20.0
703,703,Cc1ccc(C2=C(c3ccc(F)cc3)CC3(CCCC3)S2)cc1,102,7.5
704,704,Nc1ccc2[nH]cc(C(=O)N3CCCCCC3)c(=O)c2c1,178,26.5
705,705,Nc1cccc2c1NC(=O)C(CC(=O)NCCNc1cccnc1)O2,178,25.0
706,706,COc1cc(CC(C)(O)C#Cc2ccc(CCCCCCO)nc2)c(C)cc1N,178,19.0
707,707,CC1CCC(N)CC1Nc1nc(N)nc2c(F)nc(N3CCOCC3)nc12,178,24.0
708,708,CCOc1ccc(NC(=O)CCNC(=O)c2cn(C)nc2OC)cc1,11,16.5
709,709,COc1cc(C)c(C2CC(=O)Nc3c2cnn3C)cc1OC,11,22.0
710,710,COc1cc(C)ccc1OCC(=O)N(C)Cc1cnn(C)c1,11,12.0
711,711,O=C(NCC1COCCO1)c1ccc(Oc2cccnc2)cc1,11,19.0
712,712,Brc1cccc2cc(CNCCc3ccccn3)ccc12,235,29.5
713,713,COc1ccc([C@H](CCN(C)C)Sc2ccccc2)cc1,235,12.5
714,714,CC(C)CCSC(CCc1ccccc1)c1ccccc1,235,24.0
715,715,c1ccc(CNc2ccnc3ccccc23)cc1,235,27.5
716,716,CC(C)CC(N)P(O)(O)=C(C#N)c1cccc(Cl)c1,103,14.5
717,717,CC(C)N(CCC#N)C(=O)c1cc(N2CCCC2=O)ccc1Cl,103,5.5
718,718,COCCOc1ccc(NC(=O)C2(C#N)CCCC2)cc1F,103,7.5
719,719,CCC(C)N(C)C(=O)CC(C#N)c1ccc(OC)cc1,103,13.0
720,720,O=C(c1ccco1)N(c1cnccn1)C1CCN(CCc2ccccc2)CC1,195,34.0
721,721,CC(=O)N1CC2CCC(C1)N(C(=O)c1c(C)oc(C)c1C)C2,195,16.5
722,722,Cc1ccc(OCC(=O)N2CCCCC2c2ccco2)cc1,195,19.5
723,723,CCC1CCCCN1C(=O)C1CCCN(C(=O)c2ccoc2)C1,195,6.0
724,724,CCOc1ccccc1-n1c(C)nc2cc(-c3ccc(OC)cc3)ccc2c1=O,184,23.5
725,725,Cc1ccc(-c2nc(Sc3ccc(F)cc3)c3ccccc3n2)cc1,184,19.0
726,726,COc1ccc(-n2c(C)nc3cc(C(=O)NCc4ccccc4)ccc32)cc1,184,21.0
727,727,O=C(C[C@H]1c2c(-c3ccccc3)cccc2-c2cncn21)NCc1ccccc1,184,22.5
728,728,C[C@@H](C(=O)NC1CC1)n1nnc(-c2cccc(Cl)c2)n1,152,19.5
729,729,CCCn1nnc(NC(=O)c2cc(C)n(C3CC3)c2C)n1,152,16.5
730,730,Cc1nnnn1-c1cccc(C(=O)NC2CCCC(C)C2)c1F,152,18.0
731,731,Cn1nnnc1SCCC(=O)NCCCn1ccc2ccccc21,152,24.0
732,732,C[Si](C)(F)C1(c2ccccc2)c2nnc([nH]2)CC2c3ccccc3CCN21,88,0.0
733,733,CC[C@@H](C)[C@H]1NC(=O)[C@@H](Cc2c[nH]c3ccccc23)n2c1nc1ccccc1c2=O,88,22.5
734,734,C[C@H](NC(=O)Cc1ccc(F)cc1F)c1ccc2c(-c3noc(=O)[nH]3)ccnc2c1,88,29.0
735,735,Cc1cc(C)c(Cc2cc3ccccc3nc2Oc2ccc(F)cc2)c(=O)[nH]1,88,28.0
736,736,Cc1ccc2[nH]nc(C(=O)N3CCN(Cc4ccc(Cl)cc4)CC3)c2c1,193,30.5
737,737,CCCN1CCN(C(=O)c2ccc(-c3ccccc3)cc2)CC1,193,16.5
738,738,CCCN1CCN(c2ccc(NC(=O)c3ccc(Cl)cc3)cc2C)CC1,193,24.5
739,739,COCCN1CCN(CCOC(c2ccc(F)cc2)c2ccc(F)cc2)CC1,193,16.5
740,740,Cc1nn(C)c(C)c1CCC(=O)NCCC(=O)N1CCNCC1,143,16.0
741,741,O=C1CN(C(=O)COc2cccc(F)c2)CCN1,143,9.5
742,742,CNC(=O)CN1CCN(c2ccc(Br)cn2)CC1,143,18.5
743,743,CCOCC(=O)N1CCN(C(=O)c2ccccc2F)CC1,143,18.5
744,744,COc1ccc(OC(C)C(=O)NC2CCCC2)cc1,100,3.0
745,745,COc1ccc2c(c1)CCN1C(=O)C=CC21,100,11.5
746,746,COc1ccc(C(N)C(F)C(=O)N2CCC2)cc1,100,14.0
747,747,CC(C)NCC(O)COC(C)C1COc2ccccc2O1,100,14.0
748,748,Cc1cc(OCCN2CCOC(C)C2)ccc1N,89,18.0
749,749,c1ccc(-c2c[nH]c([C@@H]3COCCN3Cc3cccnc3)n2)cc1,89,22.0
750,750,Cc1nc(N)cc(-c2ccc(N3CCOCC3)cc2)n1,89,24.0
751,751,CC(C)Cc1nsc(Nc2ncc(N3CCO[C@@H](C)C3)cn2)n1,89,13.5
752,752,Cc1nc(C)c(C(=O)N2CCC3(CCc4ccccc43)CC2)s1,228,28.0
753,753,Cc1ccc(N2CC(C(=O)Nc3nc(C4CC4)cs3)CC2=O)c(C)c1,228,7.5
754,754,Cc1csc(C(NC(=O)COCC2CCCO2)C2CC2)n1,228,18.5
755,755,COc1ccc(OC)c2sc(C(=O)N3CCCCC3)nc12,228,10.0
756,756,CC(C)(C)c1ccc(Oc2ccc(CCC(P(=O)(O)O)S(=O)(=O)[O-])cc2)cc1.[Na+],99,2.0
757,757,O=C(Cc1ccc(C(F)(F)F)cc1)NCC#Cc1ccccc1F,99,9.0
758,758,NCc1cccc(Nc2nc(C(F)(F)F)nc3ccccc23)c1,99,20.5
759,759,O=C(NCC(O)c1ccccc1)c1ccccc1C(F)(F)F,99,10.0
760,760,Nc1ccccc1NC(=O)/C=C/c1cnn(Cc2ccc(F)cc2)c1,78,28.0
761,761,Cn1c(-c2ccc3ncccc3c2)cc(N)nc1=O,78,20.5
762,762,CCOc1ccccc1Nc1ccc(N)c(C(=O)Nc2cccnc2)n1,78,23.0
763,763,Cc1cccc(C)c1NC(=O)c1nnn(-c2ccc(Cl)cc2)c1N,78,36.0
764,764,C[C@H](C(=O)N(C)[C@H](C)c1ccccc1)N1CC[C@](O)(c2ccc(Cl)cc2)C(C)(C)C1,43,10.0
765,765,NC(c1ccccc1)C(O)C1CC2CCC(C1)N2CCc1ccccc1,43,23.0
766,766,CC(C)(C)c1cc(C(=O)Nc2ccc(C3CCN(C4CCOCC4)CC3)cc2)no1,43,16.5
767,767,Cc1cc(C)cc(CNC(=O)C2CCC(=O)N(Cc3ccc(F)cc3)C2)c1,43,8.5
768,768,CN(Cc1nc2ccccc2[nH]1)Cc1nccn1C(F)F,150,18.0
769,769,COCc1nc2ccccc2n1CCOc1ccc(F)cc1,150,13.0
770,770,CCn1c(CCCNC(=O)c2cc(F)ccc2Cl)nc2ccccc21,150,20.0
771,771,Cc1ccccc1Cn1c(CO)nc2ccccc21,150,13.5
772,772,CS(=O)(=Nc1ncnc2nc[nH]c12)c1ccc(F)cc1,21,22.0
773,773,O=C(CN1CCn2c(nnc2-c2ccccc2F)C1)Nc1cccc(F)c1,21,24.5
774,774,Cc1cc(CNC(=O)c2cnn(-c3ccccc3F)c2)n(C)n1,21,13.5
775,775,Cc1noc2ncn(CC(=O)Nc3cccc(F)c3)c(=O)c12,21,14.0
776,776,CCCC(CCC)NC(=O)Nc1c(C(C)C)cccc1C(C)C,223,7.0
777,777,CNC(=O)NCC(=O)N(CC1CC1)C1CCCc2ccccc21,223,14.0
778,778,O=C(NC1CCSc2ccc(F)cc21)N(CCO)C1CC1,223,12.5
779,779,O=C(NCC1COCCO1)N(Cc1cccc(Cl)c1)C1CC1,223,15.0
780,780,CCOCCNC(=O)N1CCCN(c2ncc(Cl)cc2Cl)CC1,126,19.5
781,781,O=C(NC(CO)CO)C1CCn2c(Cl)c(-c3ccncc3)c(Cl)c2C1,126,23.5
782,782,O=C(NC[C@@H]1CCNC1)c1ccc(F)c(Cl)c1Cl,126,17.5
783,783,Cc1cc(NC(=O)/C=C\c2ccc(Cl)c(Cl)c2)no1,126,10.0
784,784,Cc1ccc(CNC(=O)c2n[nH]c3c2COC(C)(C)C3)n1C,4,13.0
785,785,Cc1nc2c(c(C)c1CC(=O)Nc1ccncc1)c(=O)[nH]n2C,4,30.5
786,786,CC(=O)Nc1cc(NC(C)=O)c2[nH]c(=O)cc(C)c2c1,4,22.5
787,787,CCC(CC)NC(=O)c1nc(-c2cnccn2)[nH]c(=O)c1O,4,21.5
788,788,Cn1cc(NC(=O)c2cn(Cc3cccc(Br)c3)cn2)cn1,146,21.5
789,789,Cc1ccc2nc(C(=O)NCCc3ccn(C)c3)cn2c1,146,19.0
790,790,CCOCc1ncn2c1CN(C(=O)c1ccc(C)nc1)CC2,146,22.5
791,791,CC(C)CCC(=O)Nc1ccc(-n2ccnc2)nc1,146,12.5
792,792,CC(=O)Nc1ccc(NC(=O)c2cc(Br)ccc2F)cc1,72,23.0
793,793,COc1ccccc1CNC(=O)Cc1ccc(F)c(F)c1,72,7.5
794,794,O=C(NCc1ccc(F)cc1)c1c(F)cccc1F,72,9.0
795,795,Cc1ccccc1CC(=O)N(C)c1ccc(OC(F)F)cc1,72,11.5
796,796,Cc1ccc2ncc(C(=O)N3CCC4(C3)OCCO4)n2c1,71,19.5
797,797,Cc1ccc(C2(CO)CCN(Cc3cnn(C)c3C)C2)cn1,71,17.5
798,798,CCN1CC(C(=O)NCc2nnc3n2CCC3)CC1=O,71,14.0
799,799,Cc1nc(C2CCN(C(=O)c3cccnc3OCC(F)F)CC2)no1,71,21.5
800,800,Cc1cnn(CCNC(=O)c2cnn(-c3cc(C)nc(C)n3)c2C)c1,125,17.5
801,801,CCn1cc(CNC(=O)c2cnn(-c3ccccn3)c2C2CC2)cn1,125,31.5
802,802,CCC(C)Nc1cc(NCCO)nc(-n2nc(C)cc2C)n1,125,16.5
803,803,COCCN(CC(=O)N(C)C)c1nc(C)nc2c1cnn2C,125,20.0
804,804,Cc1cc(C)c(CCC(=O)N(C(C)C)C2CCOCC2)c(C)c1,136,11.0
805,805,CCOc1ccc(C(=O)NC(C)Cn2nc(C)cc2C)cc1,136,15.5
806,806,Cc1ccc(-n2nc(C)c(CC(=O)N(C)C3CC3)c2C)cc1,136,9.0
807,807,CCC(C)NC(=O)c1cn(Cc2cccc(C)c2)c(=O)n(C(C)C)c1=O,136,9.0
808,808,Cc1c(NC(=O)c2ccccc2C(C)C)cccc1C(=O)N1CCOCC1,9,16.0
809,809,CC(NC(=O)c1ccc(F)c(F)c1)C(c1ccccc1)N1CCOCC1,9,12.5
810,810,Cc1c(CC(=O)Nc2ccc(N3CCOCC3)cc2)cnn1C,9,15.5
811,811,O=C([C@@H]1C[S+](O)c2ccccc2N1C(=O)C1=CSCCO1)N1CCOCC1,9,25.0
812,812,O=c1c(-c2ccccc2)cccn1CCCCCO,202,8.5
813,813,Cc1ccccc1C1NCCc2c(F)ccc(F)c21,202,11.5
814,814,COc1ccc(CC(=O)N2c3ccccc3CCC2C)cc1,202,7.5
815,815,C=CC(CC(=O)NCc1ccccc1)c1ccccc1,202,12.5
816,816,Cn1nc(N)cc1N1CCc2ccccc2C1,240,17.0
817,817,CCc1ccc(-c2csc(Nc3ccc(N)cc3)n2)cc1,240,21.0
818,818,Nc1ccc2c(n1)[nH]c1ccc(Cl)cc12,240,15.0
819,819,CNCCN1CC(C)(C)Sc2ccc(N)cc21,240,8.5
820,820,Cc1ccc(C(=O)N(CC(=O)NC2CC2)C(C)C)cc1Cl,108,11.0
821,821,O=C(CC[C@H]1CCCO1)NCC(=O)Nc1ccc(Cl)c(F)c1,108,19.0
822,822,Cc1cccc(C(=O)NCC(=O)NCC2CCCC2O)c1,108,4.0
823,823,CCN1CC(C(=O)Nc2ccccc2SC(F)F)CC1=O,108,17.5
824,824,CC(NC(=O)C(C#N)Cc1ccccc1)c1cnn(-c2ccccc2)n1,216,25.0
825,825,Cc1ccc(NCc2cccc(C#N)c2)c(C(N)=O)c1,216,20.0
826,826,CN1C(=O)C(=CNc2cccc(C#N)c2)c2ccccc21,216,15.5
827,827,CSc1ccc(NC(=O)c2cccc(C#N)c2)cc1,216,14.0
828,828,C=CCN(CC=C)C(=O)c1cc(Br)ccc1Cl,16,11.0
829,829,COCCC(CCOC)c1ccc(F)c(Br)c1,16,13.5
830,830,Cn1cc(C2NCCc3ccc(F)c(Cl)c32)cn1,16,8.0
831,831,CCOc1ccc(Br)cc1NC(=O)c1ccncc1,16,14.0
832,832,CC(C)CN1CCN(C(=O)c2cc3ccccc3[nH]2)CC1,53,17.0
833,833,Cc1ccc(CNC(=O)CN2CCN(c3ccccn3)CC2)o1,53,25.0
834,834,Cc1nccn1-c1cc(Cl)ccc1C(=O)N1CCN(C2CC2)CC1,53,21.5
835,835,Fc1ccc(/C=C/CN2CCN(c3ncccn3)CC2)c(F)c1,53,30.5
836,836,COc1cccc(Cc2cnc(NC(=O)CN3CCOCC3)s2)c1.Cl,149,2.0
837,837,O=C(c1cc2n(n1)CCN(CCc1ccccc1)C2=O)N1CCOCC1,149,18.5
838,838,Cn1cc(CN2CC3CC(C(=O)NCc4ccco4)C(C2)O3)cn1,149,19.5
839,839,COc1cccc(-c2cnc3ccn(CC(=O)N4CCOCC4)c3c2)c1I,149,25.5
840,840,CC(C)NC[C@@H](Nc1ncnc2c(C(N)=O)ccnc12)c1ccc(F)cc1,140,27.5
841,841,CN(Cc1cccc(C(N)=O)c1)c1nc(-c2ccncc2)nc2c1CCNC2,140,23.5
842,842,NC(=O)c1ccc(CNC(=O)c2nc[nH]c2C(=O)NCc2cccc(F)c2)cc1,140,26.0
843,843,NC(=O)[C@H](CNC(=O)c1cc(Cl)c[nH]1)N1CCC(CCc2ccccc2)N2C[C@H](N)C[C@H]2C1=O,140,29.0
844,844,O=C(NC1CC1)c1cnc(NC(=O)[C@H]2CC(=O)N(c3ccc(Cl)cc3)C2)nc1,180,26.0
845,845,Cc1cc(C(=O)NCCN(C)c2ccccc2F)c2c(C)noc2n1,180,18.5
846,846,Cn1nc(C(=O)NCC(=O)NC2CCCC2)c2ccccc2c1=O,180,20.0
847,847,CC(=O)Nc1cccc(NC(C)C(=O)Nc2cc(C)on2)c1C,180,13.5
848,848,CC1CC(NS(=O)(=O)N(C)CC(F)(F)F)CC(C)(C)C1,25,5.0
849,849,N#CC1(NC(=O)CCCC2CCCCC2)CCN(CC(F)(F)F)CC1,25,7.0
850,850,C[C@@H]1CC2(CCOCC2)NCCN1C(=O)Nc1cnc(C(F)(F)F)cn1,25,15.0
851,851,O=C(CCOCC(F)(F)F)NCc1cc(Cl)ccc1OC1CCC1,25,7.5
852,852,CC(C)c1ncc2c(n1)CN(C(=O)COc1ccc(N(C)C)cc1)C2,37,17.0
853,853,CCc1nnc2n1CCN(CC(=O)NCC(c1ccccc1)C(C)C)C2,37,21.5
854,854,O=C1CC[C@H](C(=O)NCCc2nnc(-c3ccccc3)o2)N1,37,12.0
855,855,CC(C)N1CC(C(=O)Nc2c(O)nc3ccccn3c2=O)CC1=O,37,21.0
856,856,Cc1nc(Cc2n[nH]c(=O)c3c2CCCC3)cs1,105,16.5
857,857,CCc1nc(CCNC(=O)c2ccc(=O)[nH]c2)sc1C,105,18.0
858,858,CCn1ccc(C(=O)NCCc2nc(C(C)C)cs2)n1,105,12.0
859,859,CC(=O)NCCNC(=O)c1sc(-c2ccoc2)nc1C,105,17.5
860,860,Cc1nc(C2CCCN(Cc3c(C)noc3C)C2)no1,229,16.5
861,861,Cc1cnc(N2CCC(N3CCc4ccccc4C3)C2)nc1C,229,14.0
862,862,CNC1CCN(c2cc(C(C)C)n3ncnc3n2)C1,229,12.0
863,863,c1cc(N2CCC(n3cnc(Cn4ccnc4)c3)C2)ccn1,229,23.5
864,864,O=C(Nc1cnc(N2CCCCC2)nc1)C(=O)N1CCCCC1,170,16.0
865,865,O=C([C@H]1CCC(=O)N(C2CCCCC2)C1)N1CCc2ccccc21,170,17.5
866,866,O=C(C1CC(=O)N(C2CCC2)C1)N1CCCC1,170,3.0
867,867,OC1CCN(Cc2cc(C#Cc3cnn(C4CCNCC4)c3)ccc2F)CC1,170,20.0
868,868,CC(=O)N1CC[C@H]2Nc3c(F)cc(F)cc3[C@H]2C1,139,10.0
869,869,Fc1cccc(-c2noc(CN3C[C@H]4CC[C@@H]3C4)n2)c1,139,9.0
870,870,CC(C)C(=O)N1CCC(Oc2cccnc2)CC1,139,22.5
871,871,O=c1cc(-c2ccc(F)cc2F)oc2c1C1CCN2CC1,139,17.0
872,872,CCc1ccc(-c2cc(NC(=O)c3cnn4cccnc34)[nH]n2)cc1,191,31.5
873,873,OCCNc1cccc(-c2n[nH]c3cnc(-c4c(F)cccc4F)cc23)n1,191,30.0
874,874,C=CCNC(=O)c1cc(C)nc2c1c(=O)[nH]n2Cc1ccccn1,191,28.0
875,875,Cc1cc(NC(=O)Cn2nc(-c3ccccc3F)ccc2=O)[nH]n1,191,20.0
876,876,CCOc1ccc(CN(C)C(=O)Cn2c(C)csc2=O)cc1,122,5.5
877,877,CCc1onc(C)c1NC(=O)C(c1ccccc1OC)N(C)C,122,14.5
878,878,CC(CC(=O)N(C)CC(=O)NCC(=O)NC1CC1)c1ccccc1,122,17.0
879,879,CN(C)C(=O)CNC1CC(=O)N(c2ccccc2)C1,122,14.5
880,880,CC(C)C(=O)Nc1ccc(CC(=O)Nc2ccc3c(c2)CCC3)cc1,145,13.5
881,881,CCN1C(=O)C(C)(C(=O)NCC#Cc2ccccc2)Oc2ccccc21,145,20.5
882,882,CC(=O)Nc1ccc(C(=O)N2CCC(OCc3ccccc3F)CC2)cc1,145,25.5
883,883,CC(C)NC(=O)c1ccc(NCC(=O)Nc2ccccc2)cc1,145,17.5
884,884,O=C(CCc1c[nH]c2ccccc12)N1CCCC1c1nc(C2CC2)no1,38,22.5
885,885,COCCC1(C(=O)N2CCC(c3nc(C)cc(=O)[nH]3)C2)CCCCC1,38,17.5
886,886,CC(C)CN1CC(C(=O)NCc2cc(=O)[nH]c3ccccc23)CC1=O,38,20.0
887,887,O=C(Cc1ccc[nH]1)Nc1cccc(C(=O)N2CCCCC2)c1,38,16.5
888,888,Cn1ccnc1SCC(O)c1ccc(Br)cc1,81,15.0
889,889,O=c1c2c([nH]n1CCSc1ccc(F)c(F)c1)CCCC2,81,6.5
890,890,CCN(Cc1ccc2c(c1)OCO2)C(=O)CSc1ncn[nH]1,81,31.5
891,891,Cc1cccc(NC(=O)CSc2nncs2)c1,81,20.0
892,892,c1ccc(OCc2noc(CCc3cn4cccnc4n3)n2)cc1,28,29.5
893,893,Cc1noc(C)c1CCc1nc(N(C)C)nn1C,28,14.5
894,894,COc1ccnc(NCc2cn3cc(Cl)ccc3n2)n1,28,22.0
895,895,Cc1nn(-c2ccc3nncn3n2)c2ccccc12,28,23.0
896,896,Cc1ccccc1CNC(=O)c1c[nH]c2cccc(F)c12,215,11.5
897,897,O=C(Nc1cnn(Cc2ccc(F)cc2)c1)c1n[nH]c2ccccc12,215,29.5
898,898,Cc1ccc(C(=O)Nc2cccc(Cc3ccccc3)c2)c(=O)[nH]1,215,28.5
899,899,Cc1ccc(NC(=O)c2cc(=O)[nH]c3ccccc23)cc1,215,18.0
900,900,CC(NC(=O)c1ccc(-n2cccn2)nc1)c1ccc(C#N)cc1,204,25.0
901,901,CCn1cc(C#N)c(=O)n(CC(=O)Nc2ccc(C)c(C)c2)c1=O,204,18.5
902,902,CCc1cnccc1C(=O)Nc1cccc(C#N)c1,204,16.5
903,903,COc1cc(-c2nc(-c3ccc(C#N)cn3)no2)ccn1,204,13.5
904,904,Fc1cc(F)c2c(c1)CCCN2Cc1nnc(C2CC2)o1,62,20.0
905,905,CC(C)c1nnc(CNC(=O)C(C)c2c(F)cccc2F)n1C,62,18.0
906,906,CC(=O)Nc1ccc(OS(=O)(=O)c2c(C)noc2C)cc1,62,13.5
907,907,O=C(c1cccnc1OCC(F)F)N1CCCC1CO,62,7.0
908,908,CC(C)Nc1ccc(-c2cc(C(=O)N3CCC[C@H]3C(N)=O)n[nH]2)cn1,17,27.0
909,909,Cc1cc(-c2ccccc2)nc(N2CCC(C(N)=O)CC2)n1,17,12.5
910,910,CC1CCC(C(N)=O)CN1C(=O)CCCOc1cccc(F)c1,17,18.0
911,911,CC1CCCCC1NC(=O)CN1CCC(C(N)=O)CC1,17,10.5
912,912,CC(COC(C)(C)C)N(C)C(=O)Nc1ccc2c(c1)COC2,115,18.5
913,913,CCCNC(=O)N1CCCc2ccccc21,115,8.5
914,914,CCOCCc1nnc(NC(=O)CNC(=O)NC)s1,115,16.0
915,915,CC(C)C(=O)NCCNC(=O)NC1CCCC1,115,8.5
916,916,CC(C)NC(=O)NC(C)(C)CC(=O)Nc1cncc2ccccc12,20,23.0
917,917,CCNC(=O)Nc1cccc(NC(=O)c2ccccc2Cl)c1,20,10.5
918,918,CCc1cccc(C)c1NC(=O)NCC(O)c1cccc(OC)c1,20,18.5
919,919,COc1cccc(NC(=O)NCc2ccccc2)c1,20,9.5
920,920,Cn1nc(C(C)(C)C)cc1C(=O)NCC(=O)N1CCCCC1,196,16.0
921,921,CC(NC(=O)c1cncc(F)c1)C1CCN(C(=O)[C@@H](C)N)CC1,196,22.5
922,922,C=CC(CC(=O)NCCCN1CCCC1=O)c1ccccc1,196,20.0
923,923,CC1(C)CCC(CNC(=O)CN2CCCCCC2=O)CC1,196,15.0
924,924,Cc1ccc(CC2NCCc3c(F)cccc32)cc1N,14,17.0
925,925,Nc1cc(F)ccc1-c1nnc2n1CCCCC2,14,14.5
926,926,COc1ccccc1CNC(=O)c1cc(C)ccc1N,14,9.0
927,927,CC(C)Nc1ccc(C(=O)Nc2cccc(N)c2)cn1,14,14.5
928,928,Cc1cc(O)n(Cc2ccc(CCCc3ccc(F)cc3)cc2)c(=O)n1,22,21.0
929,929,Cc1nn(-c2ccccc2)c(C)c1C(=O)N(C)Cc1ccccc1,22,6.5
930,930,CN(Cc1ccccc1)c1cnnc(NC(=O)c2ccc(F)cc2)c1,22,20.0
931,931,CC(C)Oc1ccc(Nc2nc(CO)cc(-c3ccc(F)cc3)n2)cc1,22,19.5
932,932,Cc1ccc(NC(=O)c2cnn(C3CCCC3)c2C2CC2)cc1,127,15.5
933,933,COc1cccc2c1cc(C(=O)NC1CCCCC1)n2C,127,16.5
934,934,CC(C)Cn1ncc(C(=O)Nc2ccc(S(C)=O)cc2)c1C1CC1,127,20.5
935,935,Cn1c(-c2ccncc2)nn(CCNC(=O)C2CC3CCC2C3)c1=O,127,18.5
936,936,CC(C)C(=O)Nc1nc(CC(=O)Nc2c(F)cccc2F)cs1,10,20.0
937,937,O=C(NCCc1ccccc1)c1scnc1C1CC1,10,15.5
938,938,O=C(CNC(=O)C1CCCCC1)Nc1nc(-c2ccc(F)cc2)cs1,10,6.5
939,939,CC(C)(C)C(NC(=O)c1scnc1C1CC1)c1ccc(F)cc1,10,9.5
940,940,NC(=O)c1ccccc1Oc1ccc(OCC(=O)N2CCCC2)cc1,200,28.0
941,941,CNC(=O)Nc1ccc2c(c1)-c1c(c(C(N)=O)nn1C)CC2,200,20.0
942,942,CCCCOC(C)C(=O)Nc1ccc(NC(N)=O)cc1,200,15.5
943,943,Cc1cccc(OCC(=O)Nc2cccc(NC(N)=O)c2)c1C,200,23.5
944,944,COn1c(-c2ccc(Cl)cc2)cnc1C[S+]([O-])CC(=O)N1CCC(C)CC1,68,9.0
945,945,CC(=O)N1CCC[C@H](c2nc(-c3ccc(Cl)cc3)no2)C1,68,14.5
946,946,C=CC(=O)N1CCC(Cc2nc3cccc(F)c3n2CC)CC1,68,21.0
947,947,O=C(OCCc1ccc(F)cc1)N1CCC(n2c3c(cnc2=O)CCC3)CC1,68,20.0
948,948,COC(C)(C)c1noc(-c2c[nH]c3cccc(F)c23)n1,151,15.0
949,949,Cc1cc(=O)[nH]nc1-c1ccc(Br)cc1,151,24.5
950,950,CN(CCOCC1CC1)C(=O)c1cccc2[nH]ccc12,151,18.0
951,951,CC(N)C(C)C(=O)Nc1cc(-c2ccncc2)n[nH]1,151,22.5
952,952,COc1ccccc1CN(C)C(=O)c1cn(C(C)C)c2ncccc12,153,12.0
953,953,O=C(NCCc1cccnc1)c1cc(-c2ccc(F)cc2)on1,153,30.0
954,954,O=C(NCc1nncn1-c1ccccc1)c1cncc(Br)c1,153,31.0
955,955,COc1cccc(Cc2nnc(NC(=O)c3ccnnc3)s2)c1,153,26.0
956,956,CCCc1nnc(NC(=O)N2CCC(NC(=O)C3CCCC3)CC2)s1,35,25.0
957,957,Cc1ccnc(NC(=O)C2CCN(C(=O)N3CCCC3)CC2)c1,35,17.5
958,958,O=C(N1CCCC1)N1CCC2(CC(Nc3ncccn3)CO2)C1,35,22.5
959,959,O=C(c1cc[nH]n1)N1CCC[C@H](N2CCNC2=O)C1,35,23.5
960,960,CCOCCOc1ccc(C(F)(F)F)cc1N,74,9.5
961,961,O=C(NCCNc1ncccc1C(F)(F)F)C1CC1,74,7.5
962,962,CNC(=O)c1cc(-c2ccc(C(F)(F)F)cc2)on1,74,16.0
963,963,CNC(=O)C(C)NC(=O)c1ccccc1OC(F)F,74,7.5
964,964,Cc1cc(-c2nnc(NC(=O)NC3CC3)o2)c(C)o1,63,14.5
965,965,CCc1onc(C)c1NC(=O)CCc1nnc(-c2ccco2)o1,63,20.0
966,966,CCN(Cc1cccnc1)C(=O)CC(C)NC(=O)c1ccco1,63,15.5
967,967,CN1C(=O)C(CC(=O)NCc2ccco2)Sc2ncccc21,63,20.0
968,968,Cc1nn(CCCCNC(=O)c2cccn(C)c2=O)c(C)c1Cl,179,16.5
969,969,CC1(Cn2cccc(C(=O)NCc3ccc(F)cc3Cl)c2=O)COC1,179,15.5
970,970,CCNC(=O)c1ccc(Cl)cc1NC(=O)c1cnccn1,179,9.5
971,971,CN(C)C(=O)CCCc1nc2cc(Cl)ccc2c(=O)n1C,179,15.0
972,972,Cc1ccc(C(C)NC(=O)c2c(F)cccc2Cl)o1,171,10.5
973,973,CC(=O)N1CCc2cc(CNC(=O)c3cc(C)oc3C)ccc21,171,6.5
974,974,CNC(=O)c1cc(Br)ccc1NC(=O)c1ccco1,171,16.0
975,975,O=C(NCCNC(=O)N1CCc2ccccc21)c1ccco1,171,4.5
976,976,Cc1ccnc(CC(C)N(CC(N)=O)C2CCCC2)c1,249,8.5
977,977,CCC(C(N)=O)N1CC(=O)Nc2cc(F)c(F)cc21,249,17.5
978,978,NC(=O)Cc1noc(C2COCC(=O)N2Cc2ccccc2)n1,249,22.5
979,979,NC(=O)c1n[nH]c2ccc(NC(=O)Cc3cccnc3)cc12,249,16.5
980,980,CCCC(CO)NCc1cccc(-c2ccc(OC)cc2)n1,185,22.0
981,981,CCn1nccc1CNc1ccccc1NC(=O)OC(C)(C)C,185,5.5
982,982,Cc1ccc(NC(=O)c2cnc(C)cn2)cc1,185,15.0
983,983,CC(NC(=O)C1Cc2ccccc2O1)c1ccncc1,185,19.0
984,984,COc1cc2nc[nH]c2cc1OCC(O)(CC(C)C)C(F)(F)F,157,13.0
985,985,Cc1nc(CNc2cc(C(F)(F)F)cc3cccnc23)no1,157,8.5
986,986,O=C(Nc1cccc(C(F)(F)F)c1)c1cccc2nncn12,157,16.0
987,987,CC(Sc1nc2cc(Cl)ccc2[nH]1)C(=O)NCC(F)(F)F,157,6.5
988,988,CC(C)C[C@H]1CN(C(=O)c2cc(-c3ccccc3)on2)CCO1,59,19.0
989,989,COc1ccc2[nH]cc(CC(=O)N3CCOCC3)c2c1,59,18.0
990,990,CC(Nc1cccc(SC(F)F)c1)C(=O)N1CCOCC1,59,8.5
991,991,C[C@H]1CN(c2ccc(NC(=O)CC(C)(C)C)cc2Cl)CCO1,59,15.0
992,992,Nc1c(-c2ccccc2)nsc1C(=O)Nc1nccs1,144,22.0
993,993,O=C(Nc1ccc(F)c(F)c1)c1csc(-n2cccc2)n1,144,12.5
994,994,CN(C)C(=O)c1sc(-c2ccco2)nc1-c1ccccc1,144,10.5
995,995,O=C(Cc1n[nH]c(=O)c2ccccc12)Nc1nc2ccc(F)cc2s1,144,28.5
996,996,COc1ccc(Cn2nccc2NC(=O)NCc2ncn(C)n2)c(C)c1,128,31.0
997,997,CNC(=O)c1ccc(Cl)c(NC(=O)NCc2ccn(C)c2)c1,128,16.5
998,998,CC(Cc1ccccc1F)NC(=O)Nc1cccn(C)c1=O,128,17.0
999,999,CC(NC(=O)N(C)Cc1ccccn1)C(=O)NCc1ccccc1,128,21.5
